,linreg_0,lstm_1,tcn_2,label
0,1.4154157638549805,1.4168985,1.1555091,2
1,1.4110794067382812,1.4061091,1.2314305,1
2,1.4193286895751953,1.4046925,1.1143359,1
3,1.433976173400879,1.4154516,1.1479404,2
4,1.4227781295776367,1.4131483,1.3289118,1
5,1.4309940338134766,1.4002826,1.0867205,1
6,1.4416189193725586,1.3996562,1.1832879,0
7,1.432480812072754,1.4108784,1.2120564,1
8,1.4511785507202148,1.4162972,1.1091549,1
9,1.4656190872192383,1.4263241,1.277472,2
10,1.4664268493652344,1.4449626,1.2588372,0
11,1.4616632461547852,1.4369334,1.3037418,1
12,1.4708385467529297,1.4450645,1.2180729,0
13,1.4598712921142578,1.4519476,1.2719433,0
14,1.4538660049438477,1.4459718,1.1779383,0
15,1.4347906112670898,1.4391551,1.1312581,2
16,1.4351167678833008,1.4303094,0.9718568,1
17,1.444106101989746,1.4135885,1.0316377,2
18,1.444838523864746,1.4274771,1.027371,0
19,1.4205684661865234,1.4375535,1.0659864,2
20,1.4248743057250977,1.4365228,1.1000454,1
21,1.432602882385254,1.4398968,1.1814772,0
22,1.4289627075195312,1.4366,1.1904104,1
23,1.438680648803711,1.4166135,1.0261968,2
24,1.4389772415161133,1.4232361,1.3184632,0
25,1.4339361190795898,1.4282796,1.2285924,0
26,1.4265174865722656,1.4280131,1.14771,0
27,1.4216413497924805,1.4318568,1.202172,2
28,1.4170904159545898,1.4299319,1.0824295,1
29,1.4358711242675781,1.4113274,1.0205976,1
30,1.4397172927856445,1.4138337,1.235178,1
31,1.4484500885009766,1.4178498,1.2524526,2
32,1.4466619491577148,1.4162155,1.2903119,1
33,1.4538459777832031,1.426063,1.2051117,1
34,1.4520444869995117,1.432964,1.2047473,2
35,1.4508056640625,1.4255612,1.2047391,0
36,1.4421567916870117,1.4257413,1.1416352,0
37,1.4359769821166992,1.4218708,1.1118134,2
38,1.4401111602783203,1.4157441,1.0184604,0
39,1.4303255081176758,1.4162285,0.9892917,0
40,1.4268608093261719,1.4173297,0.94224435,0
41,1.4054880142211914,1.4060827,1.0795207,0
42,1.4039793014526367,1.4027139,1.071496,1
43,1.4283208847045898,1.3941082,1.1803302,0
44,1.4122142791748047,1.398693,1.2836084,2
45,1.4088459014892578,1.3957584,0.99368924,2
46,1.4064817428588867,1.3882241,1.031614,2
47,1.4069623947143555,1.3761485,0.9637416,1
48,1.4174165725708008,1.3819646,1.1177468,1
49,1.4242544174194336,1.3865633,1.1457121,1
50,1.4365262985229492,1.3947586,1.0679517,0
51,1.4321680068969727,1.4048692,1.2370111,2
52,1.4276123046875,1.4049106,1.0472367,2
53,1.4395484924316406,1.3966075,1.1568068,1
54,1.4507408142089844,1.4076746,1.1296308,0
55,1.4354515075683594,1.4160607,1.2188079,2
56,1.4356756210327148,1.416644,1.1108452,1
57,1.4427499771118164,1.4283422,1.0831199,0
58,1.435079574584961,1.4329894,1.1061456,0
59,1.4284229278564453,1.4183384,1.0609623,0
60,1.422410011291504,1.4223946,1.0304579,1
61,1.4380083084106445,1.4230543,1.0779097,0
62,1.4127044677734375,1.428775,1.0895618,1
63,1.436741828918457,1.4361407,0.98899156,2
64,1.4097681045532227,1.4430283,1.2073414,0
65,1.4203262329101562,1.4286417,1.1358205,1
66,1.4403791427612305,1.4371147,1.068831,0
67,1.415940284729004,1.4376891,1.289203,1
68,1.4305505752563477,1.4418329,1.0934753,2
69,1.4334745407104492,1.4478151,1.1135734,2
70,1.4293708801269531,1.4436451,1.1989623,1
71,1.4494905471801758,1.4297339,1.1504467,0
72,1.4404993057250977,1.4291883,1.3131261,1
73,1.4460783004760742,1.4310976,1.2278383,0
74,1.4336042404174805,1.4350979,1.2075764,1
75,1.443659782409668,1.4455512,1.1526798,2
76,1.4377355575561523,1.4433649,1.1916944,2
77,1.439387321472168,1.4297985,1.1316428,1
78,1.4470272064208984,1.4330677,1.0675502,2
79,1.4396228790283203,1.4271884,1.2576274,2
80,1.4385290145874023,1.4262079,1.1001476,1
81,1.447190284729004,1.4254287,1.1308954,2
82,1.439772605895996,1.4188721,1.1324857,2
83,1.4462366104125977,1.4039497,1.1211306,0
84,1.4356374740600586,1.4077392,1.1531543,0
85,1.431138038635254,1.4135829,1.0742737,0
86,1.4236202239990234,1.4181345,0.9063054,0
87,1.4195184707641602,1.4245772,0.8916201,0
88,1.415452003479004,1.4227864,1.0297034,0
89,1.4030160903930664,1.4032269,1.1217979,0
90,1.401280403137207,1.3902959,1.0979041,1
91,1.4068679809570312,1.3810662,1.1514635,0
92,1.3829879760742188,1.3820556,1.1519996,0
93,1.361440658569336,1.3681463,0.9542963,0
94,1.3585739135742188,1.3280858,1.0479041,1
95,1.3643865585327148,1.2838137,1.1836659,1
96,1.3691186904907227,1.281547,1.0099367,1
97,1.3755826950073242,1.2900153,1.0734102,1
98,1.3884639739990234,1.3234092,1.175232,0
99,1.3786592483520508,1.3707074,1.2267851,0
100,1.3760671615600586,1.3844101,1.015661,0
101,1.367457389831543,1.370657,1.001183,1
102,1.3752002716064453,1.3765161,1.0844276,0
103,1.362208366394043,1.3736302,1.1968027,0
104,1.3553638458251953,1.3663173,1.0898015,2
105,1.357224464416504,1.3638716,1.0168111,2
106,1.3491191864013672,1.3612735,1.082149,2
107,1.3545866012573242,1.3409837,1.05104,1
108,1.3609371185302734,1.351578,0.99672884,0
109,1.353999137878418,1.3663865,1.1246982,1
110,1.3612995147705078,1.3734158,0.93802464,0
111,1.337850570678711,1.3881601,0.99372107,2
112,1.337982177734375,1.3796437,0.993364,0
113,1.3253889083862305,1.3496517,1.0776068,1
114,1.3406362533569336,1.3231496,1.0251492,2
115,1.3433313369750977,1.3201118,1.1730841,1
116,1.3478097915649414,1.3245832,1.1572367,0
117,1.343308448791504,1.342119,1.0056012,2
118,1.3403005599975586,1.3570278,0.89976627,1
119,1.3687944412231445,1.3552783,1.0210903,2
120,1.3718671798706055,1.374787,1.2304776,1
121,1.381852149963379,1.3801643,1.1230235,2
122,1.3813419342041016,1.3942907,1.2580746,1
123,1.3925771713256836,1.4063166,1.0725837,2
124,1.3906993865966797,1.4126614,1.3044776,0
125,1.3776416778564453,1.4003946,1.2527392,2
126,1.3791704177856445,1.3960088,1.0963839,1
127,1.383622169494629,1.3891559,1.2280518,2
128,1.3869562149047852,1.3855017,1.1608942,1
129,1.3923826217651367,1.3911475,1.1381621,0
130,1.3890581130981445,1.3917279,1.1724658,1
131,1.3921422958374023,1.3797349,1.1258233,2
132,1.3874263763427734,1.3885098,1.1696575,2
133,1.3877229690551758,1.3884441,1.1765547,1
134,1.4136638641357422,1.3889085,1.1153518,0
135,1.4078655242919922,1.4194194,1.3144683,2
136,1.4052314758300781,1.4268948,1.1085564,0
137,1.3803644180297852,1.4176502,1.2553916,0
138,1.3642301559448242,1.4207478,1.0378525,2
139,1.3767814636230469,1.3946623,1.1772561,1
140,1.3847475051879883,1.3846923,1.2610562,2
141,1.3767786026000977,1.3922329,1.152538,2
142,1.3638324737548828,1.3888261,1.1044749,2
143,1.3716611862182617,1.3797189,1.0951036,1
144,1.379868507385254,1.3955368,1.0944614,0
145,1.3517045974731445,1.4018873,1.1827358,1
146,1.366006851196289,1.3838972,1.1753384,1
147,1.3801565170288086,1.3883792,1.1098331,1
148,1.3706140518188477,1.3940105,1.3869306,0
149,1.3653249740600586,1.375879,1.1947197,0
150,1.3518438339233398,1.380514,1.1018175,0
151,1.350172996520996,1.3755308,1.2465428,2
152,1.3562192916870117,1.363584,1.0923628,1
153,1.3630266189575195,1.3737178,1.2511901,2
154,1.3581361770629883,1.3821498,1.3266058,0
155,1.3548851013183594,1.3721703,1.2726078,1
156,1.3586864471435547,1.387479,1.1079059,0
157,1.3388347625732422,1.3953695,1.1593499,2
158,1.3371448516845703,1.3838738,1.1289415,0
159,1.329172134399414,1.3770614,1.0477136,1
160,1.323873519897461,1.3568641,1.1566144,2
161,1.3413782119750977,1.338024,1.3087199,2
162,1.3436737060546875,1.3470632,1.2252452,1
163,1.3542060852050781,1.3606666,1.1774945,2
164,1.353006362915039,1.3722433,1.1541018,0
165,1.3440742492675781,1.3799845,1.0357105,2
166,1.3395605087280273,1.3775669,0.9119237,2
167,1.344813346862793,1.3646513,1.090805,2
168,1.348494529724121,1.3634986,0.9565812,2
169,1.3459510803222656,1.3574408,1.085577,0
170,1.3426752090454102,1.3536834,1.0279499,1
171,1.3445777893066406,1.3564346,0.93234384,2
172,1.3365354537963867,1.3564652,1.0303371,0
173,1.320784568786621,1.3456539,1.0174861,0
174,1.3081989288330078,1.3408428,0.8826084,2
175,1.3049182891845703,1.311198,1.0480373,1
176,1.3100004196166992,1.293617,1.225284,2
177,1.3066949844360352,1.3020035,1.2464854,2
178,1.3002996444702148,1.2941935,1.1427065,2
179,1.3010683059692383,1.2914444,1.2097687,1
180,1.309290885925293,1.3060727,1.0402265,0
181,1.3081398010253906,1.3208588,1.0963999,2
182,1.3069190979003906,1.3352039,1.0196046,2
183,1.305068016052246,1.3438426,0.9830406,2
184,1.3026847839355469,1.341413,0.9908148,2
185,1.3067588806152344,1.3288,1.0902361,2
186,1.3098793029785156,1.3229779,1.1204618,0
187,1.3012351989746094,1.328731,1.1103212,2
188,1.307072639465332,1.3260113,1.0864325,2
189,1.3049278259277344,1.3237679,1.0042461,2
190,1.3010129928588867,1.3242569,1.1704831,2
191,1.298365592956543,1.3085438,1.122258,1
192,1.3113298416137695,1.3033025,1.100242,0
193,1.296492576599121,1.3170137,1.0070589,0
194,1.2869453430175781,1.3214163,0.94679946,0
195,1.2803964614868164,1.3194213,0.9104499,0
196,1.2738103866577148,1.3088074,1.0389446,1
197,1.282984733581543,1.2845783,1.2145004,2
198,1.2803535461425781,1.2785251,1.0923699,2
199,1.2751998901367188,1.2788304,1.108989,1
200,1.2831411361694336,1.2842994,1.0728108,0
201,1.2669458389282227,1.3059059,1.0024425,2
202,1.267277717590332,1.3081363,1.0230256,2
203,1.2693490982055664,1.2928406,1.1550399,1
204,1.2804489135742188,1.2982098,1.106137,1
205,1.2931547164916992,1.3091389,1.1114348,1
206,1.299361228942871,1.320278,1.1458601,2
207,1.2948637008666992,1.3348556,1.0862547,0
208,1.2910785675048828,1.3269731,0.90443593,1
209,1.3054256439208984,1.3067143,1.0239397,2
210,1.3100595474243164,1.3177847,1.1502666,1
211,1.313807487487793,1.3198812,1.1745285,2
212,1.3160648345947266,1.3267658,1.1990747,1
213,1.3269357681274414,1.3460425,1.1520761,2
214,1.318669319152832,1.357595,1.2425585,0
215,1.3148412704467773,1.3438032,1.3156896,0
216,1.3110332489013672,1.344844,1.121574,1
217,1.3173656463623047,1.3349608,1.2193568,2
218,1.3167476654052734,1.3260301,1.1495166,2
219,1.3177118301391602,1.3264508,1.0849793,2
220,1.3117361068725586,1.323698,1.0686877,2
221,1.3109045028686523,1.3066226,1.0860982,1
222,1.321131706237793,1.3103343,0.9907221,2
223,1.3225431442260742,1.3147365,1.1703498,2
224,1.3219480514526367,1.321082,1.0472871,0
225,1.3151988983154297,1.3290849,1.1114669,1
226,1.3150100708007812,1.3356806,0.9858935,0
227,1.3142623901367188,1.3247575,1.196904,2
228,1.311457633972168,1.3302488,0.90960336,0
229,1.3089284896850586,1.3271054,1.0200236,1
230,1.3171682357788086,1.3315558,1.0189707,2
231,1.319533348083496,1.3362914,0.9770809,1
232,1.3160429000854492,1.3372058,1.0676721,2
233,1.321929931640625,1.3265177,1.0632433,1
234,1.3296003341674805,1.3262864,0.9779365,2
235,1.3297395706176758,1.333982,1.0350256,1
236,1.3414306640625,1.3351506,1.0624633,1
237,1.3471040725708008,1.3460276,1.166847,2
238,1.3434734344482422,1.3612525,1.1606349,0
239,1.3475942611694336,1.3545771,1.2668067,1
240,1.3558368682861328,1.3677999,1.162163,0
241,1.3409538269042969,1.3698362,1.2773749,2
242,1.3407573699951172,1.3609542,1.1828896,0
243,1.3256511688232422,1.3554727,1.195405,2
244,1.323115348815918,1.3420672,1.0779687,1
245,1.3284997940063477,1.3358709,1.3192208,0
246,1.3188629150390625,1.3543484,1.1209801,2
247,1.3217391967773438,1.3613796,1.2500077,1
248,1.3317108154296875,1.3730221,1.2648169,0
249,1.312169075012207,1.3788917,1.246839,2
250,1.3146772384643555,1.3681806,1.1513314,1
251,1.3186330795288086,1.3535954,1.2795349,0
252,1.3101625442504883,1.3564676,1.2075102,0
253,1.3066043853759766,1.3500327,1.1941023,1
254,1.3138389587402344,1.3392954,1.1679046,1
255,1.324514389038086,1.3454179,1.3039227,2
256,1.3189821243286133,1.3430244,1.2196159,1
257,1.328871726989746,1.3287587,1.1708416,2
258,1.3264398574829102,1.3344904,1.1093893,2
259,1.321639060974121,1.3315597,1.0473716,2
260,1.3243789672851562,1.326708,1.0364047,1
261,1.3332509994506836,1.3325394,1.0666085,2
262,1.3298091888427734,1.3304746,1.1742709,1
263,1.3384532928466797,1.3138238,1.2038385,2
264,1.3360967636108398,1.3273562,1.2245381,2
265,1.3341407775878906,1.3340265,1.19798,2
266,1.3337030410766602,1.3364938,1.1627887,2
267,1.3370075225830078,1.3450044,1.1532203,2
268,1.3296499252319336,1.3415226,1.1766235,2
269,1.330174446105957,1.3223253,1.2308619,0
270,1.3207664489746094,1.32249,1.0525833,0
271,1.3166284561157227,1.3264797,1.0129943,0
272,1.3106403350830078,1.3270328,0.9519421,1
273,1.3096485137939453,1.3254029,1.0897415,2
274,1.3055658340454102,1.3172702,1.1718078,2
275,1.3089838027954102,1.3069725,1.2097735,0
276,1.310368537902832,1.3023823,1.1365391,1
277,1.3167219161987305,1.3185601,1.1094327,1
278,1.3211917877197266,1.3382663,1.1296946,0
279,1.305917739868164,1.349201,1.0936542,2
280,1.3032007217407227,1.3517753,0.9670956,1
281,1.3180303573608398,1.3395743,1.1575801,2
282,1.3179121017456055,1.3459274,1.1695114,2
283,1.3183488845825195,1.3467234,1.1079934,2
284,1.3203840255737305,1.3477541,0.9969988,1
285,1.3237724304199219,1.3434992,0.96840966,2
286,1.3199872970581055,1.3312393,1.0728742,0
287,1.3175668716430664,1.3091271,1.0872631,1
288,1.3232288360595703,1.3119669,1.0569229,1
289,1.3239049911499023,1.3104478,1.1558902,0
290,1.3215227127075195,1.3077375,1.1018908,1
291,1.3282880783081055,1.3200649,1.1283653,2
292,1.321599006652832,1.3182626,1.175459,2
293,1.321742057800293,1.3036569,1.1284685,2
294,1.3203630447387695,1.3060213,1.0947611,0
295,1.3133344650268555,1.3002497,1.1109954,2
296,1.3148374557495117,1.307578,0.9645854,0
297,1.308243751525879,1.3132851,0.97734195,0
298,1.3072757720947266,1.3260453,0.9486285,1
299,1.3098115921020508,1.3078085,1.2009004,0
300,1.2993316650390625,1.3056874,1.1757594,0
301,1.2944965362548828,1.3075398,1.0907892,2
302,1.2911300659179688,1.296517,1.059319,2
303,1.2879457473754883,1.3051664,1.1561584,2
304,1.2842435836791992,1.3127803,1.1948175,0
305,1.2808647155761719,1.2995812,1.2614236,0
306,1.2727832794189453,1.2930754,1.1183226,2
307,1.271428108215332,1.2738733,1.1604897,0
308,1.2698755264282227,1.2564555,1.1408136,1
309,1.2766027450561523,1.2553812,1.0962183,2
310,1.272414207458496,1.2561475,1.1152594,1
311,1.2783679962158203,1.2492311,1.205423,0
312,1.262953758239746,1.2589262,0.9351382,0
313,1.255661964416504,1.263135,0.95705706,2
314,1.2555770874023438,1.2508246,1.0055617,2
315,1.2552404403686523,1.251662,1.0147094,1
316,1.2469587326049805,1.2537332,1.0943482,0
317,1.2520713806152344,1.2407793,1.2711934,0
318,1.2495298385620117,1.248917,1.1144923,0
319,1.2405271530151367,1.2563313,1.1580241,2
320,1.2399330139160156,1.247264,1.0880262,1
321,1.2463483810424805,1.2534807,1.0640372,0
322,1.2396230697631836,1.2502663,0.968152,1
323,1.2521963119506836,1.229541,1.1911901,0
324,1.247995376586914,1.2407569,0.97863823,1
325,1.2582578659057617,1.2497116,0.96602863,2
326,1.2585506439208984,1.2643144,1.0504375,0
327,1.2519559860229492,1.2706025,0.9660058,1
328,1.2448291778564453,1.2547622,0.8657846,0
329,1.2487220764160156,1.2376007,1.0744159,2
330,1.256302833557129,1.2334665,0.8422468,1
331,1.2651329040527344,1.2348374,0.9618043,1
332,1.2689094543457031,1.2528673,1.0014628,2
333,1.2721643447875977,1.2663742,1.0088141,1
334,1.2622442245483398,1.26933,1.0057865,0
335,1.2651920318603516,1.2728665,1.1184937,1
336,1.2751808166503906,1.2875525,0.9389546,2
337,1.2763385772705078,1.296004,1.10079,0
338,1.2659635543823242,1.3021872,1.0012943,2
339,1.2667732238769531,1.3069206,0.97147113,2
340,1.2613983154296875,1.2991228,0.98784953,0
341,1.2585926055908203,1.2903032,1.0850037,2
342,1.255411148071289,1.2951727,0.96733654,2
343,1.2501440048217773,1.2933999,1.0670772,2
344,1.2500438690185547,1.2997854,1.0939492,1
345,1.2681608200073242,1.3070754,1.0781602,2
346,1.2592859268188477,1.3023827,1.0857741,0
347,1.2571840286254883,1.2776101,1.0978668,2
348,1.2562255859375,1.265569,0.85486,0
349,1.2454662322998047,1.2543476,0.9114409,0
350,1.2369871139526367,1.2468851,0.87790173,0
351,1.2288265228271484,1.2361896,0.91517866,2
352,1.2272577285766602,1.2043766,0.91103107,1
353,1.2322578430175781,1.1891761,1.1983199,0
354,1.2253026962280273,1.1976672,1.0600153,2
355,1.2237577438354492,1.2064269,1.0761412,0
356,1.2185039520263672,1.2258056,1.1720669,1
357,1.223444938659668,1.2399445,1.137866,2
358,1.2205514907836914,1.2493622,1.1770669,2
359,1.2273330688476562,1.2473689,1.2003994,2
360,1.2307558059692383,1.249025,1.0874618,2
361,1.22857666015625,1.2555076,1.075577,2
362,1.228877067565918,1.2587153,1.099427,0
363,1.2181434631347656,1.2642502,1.0380934,2
364,1.2171087265014648,1.2543415,1.0907074,2
365,1.2179803848266602,1.2239343,1.1135566,0
366,1.213113784790039,1.2124867,1.0144408,1
367,1.2219038009643555,1.2098888,1.0860057,1
368,1.232407569885254,1.2085876,0.98485535,1
369,1.2342767715454102,1.2216251,1.0912521,2
370,1.2270088195800781,1.2347354,1.0915552,0
371,1.223271369934082,1.2194879,1.0651101,1
372,1.2272863388061523,1.219785,0.85739726,0
373,1.2225122451782227,1.2194793,1.0269979,0
374,1.2207212448120117,1.2034662,0.97971463,1
375,1.2419376373291016,1.2068566,0.88794047,1
376,1.2397480010986328,1.2145075,1.1477075,0
377,1.2402639389038086,1.2147263,1.059926,2
378,1.2378110885620117,1.2223542,0.9006343,2
379,1.2324895858764648,1.2249409,1.0459077,0
380,1.2251815795898438,1.220273,1.0427907,2
381,1.2260141372680664,1.2052966,0.99969536,2
382,1.2239274978637695,1.1939017,0.98628366,1
383,1.2293367385864258,1.1798011,1.0356812,2
384,1.2287940979003906,1.1814758,0.9437375,0
385,1.2272138595581055,1.1876794,1.0180341,1
386,1.231511116027832,1.1920178,0.98851323,2
387,1.228682518005371,1.1963865,0.96464264,2
388,1.2264947891235352,1.1967117,0.9951239,2
389,1.235396385192871,1.1921623,1.0367781,1
390,1.2469367980957031,1.2056409,0.928994,1
391,1.2539186477661133,1.2225804,1.0887618,2
392,1.2570600509643555,1.2430658,1.0942874,0
393,1.2515020370483398,1.2640047,1.0488675,2
394,1.2457475662231445,1.2675083,1.0351762,2
395,1.2518672943115234,1.2566383,1.1280907,1
396,1.2603273391723633,1.2551403,0.9866392,0
397,1.2542057037353516,1.2484485,1.0741038,2
398,1.254002571105957,1.2368475,1.0262309,1
399,1.2575197219848633,1.2367235,0.98563397,2
400,1.254441261291504,1.2439884,1.0057309,2
401,1.2557449340820312,1.2353188,1.0882013,0
402,1.251877784729004,1.2364407,0.9950601,1
403,1.2577247619628906,1.2361636,0.97569263,2
404,1.261728286743164,1.2344064,1.0101597,1
405,1.2751836776733398,1.2427813,1.0006412,2
406,1.2736425399780273,1.2719264,1.1326482,2
407,1.2732534408569336,1.2750002,1.1620952,1
408,1.2855920791625977,1.2863021,1.0314187,1
409,1.293304443359375,1.3023322,1.1332166,1
410,1.302699089050293,1.3111794,1.0799706,1
411,1.3155136108398438,1.324298,1.1054002,2
412,1.3087196350097656,1.3526396,1.1560291,2
413,1.3116531372070312,1.3502511,1.1732138,0
414,1.3061795024893192,1.3759748,1.0895075,2
415,1.3065032015368987,1.3703003,1.0323822,0
416,1.2991143096543336,1.3552696,1.0095115,2
417,1.2999801032087297,1.3432922,1.0199714,2
418,1.2961941003423978,1.3328451,0.9183539,2
419,1.292911374541609,1.3219007,0.9660976,0
420,1.2873283068723727,1.3197391,0.96138734,2
421,1.2855566554421975,1.3169268,0.9821021,1
422,1.287034414288449,1.3165401,1.0548557,0
423,1.2825975136662726,1.3261768,1.1225121,0
424,1.2776680960072735,1.3302107,1.2347819,1
425,1.289139278359106,1.3192008,1.1508316,2
426,1.2923898955358348,1.3244252,1.117461,2
427,1.2958449200825852,1.3260045,1.1789259,1
428,1.303056115225616,1.3230376,1.0976826,2
429,1.3051568386667975,1.3210291,1.0904696,2
430,1.3016209226206974,1.3202543,1.0924146,0
431,1.2978864240631116,1.3160825,0.9396444,0
432,1.2864485169312818,1.320442,0.96466136,2
433,1.2875050806043316,1.3256536,1.0592264,1
434,1.2959294957306824,1.3289546,1.0737947,2
435,1.2991377731734959,1.3352114,1.0806035,2
436,1.2949731741631063,1.3336468,1.1022688,1
437,1.2996037938940845,1.3226476,0.97491044,1
438,1.3109901600491976,1.3243203,1.0009913,2
439,1.3118577180137798,1.3325382,1.0958785,0
440,1.305268637808223,1.3416301,1.0858817,0
441,1.3012753541549897,1.345263,0.99211484,2
442,1.3020939249154615,1.3444567,1.002101,1
443,1.310134879595335,1.3341321,0.98041385,0
444,1.3011217237426302,1.3315644,0.9402761,2
445,1.298332432028928,1.3316771,0.9737659,2
446,1.2952935554351548,1.3274932,0.97460157,2
447,1.2969110886532786,1.331217,1.0563779,2
448,1.289840273143767,1.3354889,1.044771,2
449,1.2897603747392208,1.3349493,1.167379,1
450,1.2942708333629247,1.3391587,1.2105001,2
451,1.296402524507347,1.3373486,1.098429,2
452,1.295310011605782,1.3391175,1.1401051,0
453,1.2830720466499834,1.3390034,1.1058213,2
454,1.2786344507073624,1.3273829,1.1082186,2
455,1.2809581611698873,1.3121691,1.0875385,2
456,1.2817817974169465,1.3087034,1.051464,0
457,1.277842359737315,1.3080213,1.067101,2
458,1.2737057266569167,1.3070346,1.1259775,2
459,1.2726114857305555,1.3051155,1.1099672,2
460,1.2701801091616958,1.306582,1.1017715,2
461,1.270583172173855,1.3048546,1.1390463,2
462,1.2714150227308154,1.3100128,1.1569403,2
463,1.274844784223603,1.3096758,1.1576872,1
464,1.2793699691825418,1.311892,1.1489683,0
465,1.2776681038621487,1.3174278,1.1269495,2
466,1.2777059184723278,1.319033,1.1539993,2
467,1.2808356223431254,1.3105445,1.0273167,1
468,1.2869558357317983,1.3080282,1.0563896,1
469,1.2932681703140072,1.3062449,1.0279912,2
470,1.2952403873266534,1.3061,1.042327,1
471,1.3008103723376052,1.3127251,1.0296113,2
472,1.3020485336808192,1.3271601,1.0209749,2
473,1.3029580029427892,1.333827,1.0409331,0
474,1.299044189865408,1.3409235,0.9914157,2
475,1.3007703562569843,1.3451211,1.0145811,2
476,1.3053736983626485,1.3404312,0.9886729,2
477,1.3074736420840298,1.3402311,1.0065968,2
478,1.306267951590577,1.34044,0.985169,1
479,1.3135118705949589,1.3332047,0.95268905,1
480,1.3146482649483056,1.3390672,1.0223346,2
481,1.3100912950699712,1.3452605,0.993859,0
482,1.2970804906795799,1.3488488,1.0161179,0
483,1.2943525797698001,1.3485092,0.9988947,2
484,1.293947347398919,1.3474945,1.0210682,2
485,1.2979638254710406,1.3433492,1.115121,1
486,1.3049343703652436,1.3466563,1.1350807,1
487,1.3107856948986665,1.3429724,1.0594825,2
488,1.312647200226671,1.3353335,1.0915934,1
489,1.3193488233373178,1.3358278,1.0526607,2
490,1.3154965676420667,1.3400171,1.0627362,2
491,1.3178256773774364,1.3414073,0.9997636,1
492,1.3234425081348422,1.3447893,0.974574,2
493,1.3237841396861254,1.3498592,0.96649617,2
494,1.326205588558458,1.3596523,1.0555246,0
495,1.3217044509549574,1.3625932,1.019568,2
496,1.3180619666869087,1.3644292,1.0418435,2
497,1.3188230673554378,1.3529538,0.9953934,2
498,1.3180685686191504,1.3471433,0.990823,1
499,1.3233098937540235,1.340836,0.9604942,2
500,1.3234819793374417,1.3415186,0.9566504,2
501,1.3200630709674903,1.3452003,0.9414244,2
502,1.3193210508118163,1.3494605,0.9921978,2
503,1.317535960514617,1.3459523,0.98438346,2
504,1.316240520050321,1.3604949,1.0662909,2
505,1.3138951065815807,1.3583457,1.049791,0
506,1.3071226226775083,1.3679855,1.1976167,1
507,1.3117351014799579,1.3645085,1.1053594,2
508,1.311298451319682,1.3508246,1.0439619,1
509,1.316486730431789,1.3450987,1.0973287,0
510,1.3094298702387972,1.3386192,1.0262891,2
511,1.3057282456370478,1.3377177,1.0650532,1
512,1.327058482576689,1.3422276,1.0926845,1
513,1.3353371890070052,1.3435475,1.1228635,2
514,1.3355994648064973,1.3562319,1.2441579,2
515,1.3368357115282514,1.3559328,1.0133361,0
516,1.3288541106991603,1.3646945,1.0256504,2
517,1.3305184505697776,1.3695499,1.0056006,1
518,1.3378041485297174,1.3686249,1.0215267,0
519,1.333051714401276,1.3678449,0.9763165,2
520,1.3286610207294485,1.363439,1.0328736,2
521,1.3305202979132837,1.3502645,0.9661178,2
522,1.3321128495385888,1.3497436,0.96682,2
523,1.33176570774765,1.3520212,0.94864947,1
524,1.3378666865293392,1.3546337,0.99161685,1
525,1.3437190392704481,1.3583331,0.97390455,2
526,1.3391118937434947,1.3673747,1.0605707,2
527,1.3426958549827357,1.3638955,0.99148995,1
528,1.3491378075731462,1.3694568,0.98659194,1
529,1.3565504788062481,1.3714439,1.0019878,1
530,1.3631354209920965,1.3792872,1.0603032,2
531,1.3665637106528523,1.3894258,1.0739888,2
532,1.3638357525348868,1.4038539,1.1461169,0
533,1.3535996765228573,1.4050802,1.134797,1
534,1.3625673703625891,1.4080532,1.1170475,0
535,1.3562270913801509,1.4053305,1.0731939,0
536,1.3412176692414706,1.4023426,1.1006638,2
537,1.3382893411177872,1.3945012,1.0848558,2
538,1.337301290470546,1.3887869,1.0561514,1
539,1.3426767143673721,1.3919729,1.2183163,1
540,1.3444775946853582,1.3976876,1.211261,2
541,1.3422001958978982,1.3972138,1.1950392,0
542,1.3332306422643048,1.3948483,1.1740673,2
543,1.3328443737701487,1.3893555,1.1628529,2
544,1.3319531944210194,1.3824394,1.1157079,2
545,1.3339490711939195,1.3773782,1.1904458,1
546,1.3382766660793375,1.3751312,1.1509926,0
547,1.326484573805304,1.3731542,1.120557,0
548,1.3217125386397282,1.3730505,1.184571,2
549,1.3235373013822247,1.3605751,1.0792302,2
550,1.3181248074936756,1.358301,1.1228694,0
551,1.309887799414708,1.3526189,1.1309386,2
552,1.3126319152056125,1.3388405,1.120341,1
553,1.3196793578906039,1.3416957,1.1066047,0
554,1.3082747258173144,1.3504835,1.0922384,0
555,1.3031930761991475,1.3486123,1.121017,2
556,1.3002374187563803,1.3404397,1.046227,2
557,1.3045502327641978,1.3317287,1.1343123,2
558,1.3052474440435244,1.3342791,1.0931373,0
559,1.2993178027987407,1.3385481,1.1093028,1
560,1.3112293986052248,1.3418341,1.1518252,0
561,1.2995256328389944,1.3510818,1.1550953,2
562,1.2996170611603792,1.3491733,1.1193314,1
563,1.3020353833450244,1.3429941,1.12658,2
564,1.3004969034543346,1.343872,1.1386808,0
565,1.2970693137317837,1.3435657,1.0904119,1
566,1.3047820719884213,1.3402305,1.0948828,1
567,1.3088652991674814,1.3383098,1.0865227,0
568,1.3040441167565069,1.3311588,1.0855383,1
569,1.2952943371701287,1.327666,1.0726907,0
570,1.290382833698517,1.3264655,0.98812044,1
571,1.2969263506083792,1.335899,1.1535122,0
572,1.2959776778718954,1.3407853,1.0671041,1
573,1.303719734858897,1.3470879,1.2112913,2
574,1.3025187026393505,1.3440238,1.0650009,0
575,1.2906956295497602,1.3317553,1.041061,2
576,1.2913327560755716,1.3418362,1.1359994,0
577,1.2837438251629119,1.3448617,1.0950629,1
578,1.2885940364466297,1.3394775,1.1298927,2
579,1.2857122595475343,1.3432082,1.1073955,2
580,1.2837646028565817,1.331938,1.1426078,1
581,1.2874880197683998,1.3189521,1.0588008,2
582,1.2866021397476108,1.3146613,1.0066793,2
583,1.291387149398927,1.3240638,1.0739316,1
584,1.2980413255766463,1.3334816,1.0706155,1
585,1.3029773914687437,1.3415716,1.1281472,2
586,1.3027848309652712,1.3421155,1.1399128,1
587,1.3079971827418642,1.335267,1.025786,1
588,1.3119245286077348,1.3354212,0.9429155,2
589,1.3089761249504264,1.3421001,0.94153655,1
590,1.312870786001213,1.3504833,1.0201713,2
591,1.3126290228866417,1.3553479,0.9473155,2
592,1.3064628193217003,1.3575748,0.9831316,0
593,1.309079842191167,1.3435086,0.9344581,1
594,1.3176184570153737,1.3435848,0.92888933,0
595,1.3041891410513942,1.3496536,0.96079826,2
596,1.3047904863400202,1.3507057,1.1336592,2
597,1.3062592177925572,1.3485706,0.98081094,2
598,1.3018207315532007,1.3479701,1.0214956,2
599,1.3040819251377493,1.3403163,0.9622115,0
600,1.300732635851968,1.3473849,1.0240452,2
601,1.3016217374249475,1.3594265,1.1984632,2
602,1.3023253159909371,1.3602334,1.1360044,2
603,1.3077991355211254,1.3642389,1.2157583,2
604,1.3046535900525873,1.3642104,1.1458303,1
605,1.313660470912501,1.3517644,1.1308244,1
606,1.3217987839994585,1.3492807,1.0418729,2
607,1.3200912908523004,1.3452433,1.0915884,0
608,1.3113612635249445,1.3512151,1.0759588,1
609,1.3144978855682812,1.3649712,1.0918568,2
610,1.310903763386699,1.3657693,1.0668069,0
611,1.3119325953911738,1.3600235,1.0311842,2
612,1.3127547622860762,1.3596516,1.0279727,1
613,1.3200586519871989,1.3573468,1.0140141,0
614,1.3068593090648928,1.353469,1.0530406,0
615,1.3036102172553063,1.3642157,1.103855,2
616,1.2980415636922347,1.3623911,1.0741469,2
617,1.3011607319410046,1.3528386,1.1119789,0
618,1.294813284263353,1.3535414,1.1114204,0
619,1.29217974679125,1.3503721,1.1383575,2
620,1.289928625281568,1.3387096,1.1222513,0
621,1.2837346517047548,1.3332409,1.1258211,2
622,1.2809559262716137,1.3194388,1.0627451,1
623,1.2888362059958884,1.3074107,1.1346247,2
624,1.2899989309386086,1.3119985,1.1102083,0
625,1.284529342972651,1.3159528,1.0933712,1
626,1.293538172089454,1.3252714,1.1265928,2
627,1.2955925642928303,1.3391697,1.1478454,2
628,1.2914303769452276,1.3438334,1.1308924,2
629,1.2929032837142949,1.3267384,1.0149374,0
630,1.2884961580252643,1.3172231,1.0019819,1
631,1.2972550298102572,1.3237233,1.0204407,1
632,1.3046440603725804,1.3219699,1.000921,0
633,1.3015252522296885,1.3296366,1.1468006,2
634,1.2974008806186428,1.338512,1.0267732,1
635,1.3052468909028283,1.3276167,0.99487746,2
636,1.3101320899021447,1.335503,0.9260677,2
637,1.3128437486910856,1.3433545,0.9376333,1
638,1.3224775685307417,1.347827,0.9691172,2
639,1.3198161582524883,1.3698677,1.0935584,2
640,1.316743804835491,1.3797718,1.1837851,1
641,1.326661865131473,1.3707602,1.0957457,1
642,1.3355821849595115,1.3734391,1.0259105,2
643,1.3378937747305837,1.3726388,1.0068121,2
644,1.3382690601059324,1.3757511,1.0879117,2
645,1.3376977404036179,1.3828629,1.1038976,2
646,1.3355440534064107,1.3834305,1.1099705,2
647,1.3395474331711301,1.373236,1.0645058,2
648,1.341147992645053,1.369515,1.0140685,0
649,1.3271437491023126,1.3673162,0.9725174,0
650,1.323773657129738,1.365922,1.0716646,0
651,1.3132658301072622,1.3673282,1.0178936,2
652,1.312107148306085,1.3674242,1.132369,2
653,1.313766192118956,1.3590231,1.1564935,0
654,1.306350923223594,1.3573005,1.1179795,0
655,1.3009825391682612,1.3537201,1.1002923,2
656,1.3025876584490983,1.3390439,1.1229856,2
657,1.297927488031379,1.3367617,1.1235516,2
658,1.2941638660070316,1.3348405,1.113106,1
659,1.2995735129151154,1.3253078,1.228192,0
660,1.2928733108166934,1.3292732,1.1402636,1
661,1.2977152072062963,1.3267686,1.1237578,0
662,1.2853422308562248,1.3268849,1.1343361,0
663,1.2818655122404747,1.3157827,1.113908,2
664,1.2791935893987176,1.2983522,1.0875885,1
665,1.2840753409034935,1.2837583,1.1777905,0
666,1.2779010532018609,1.288344,1.0576718,1
667,1.3035060897622923,1.2896688,1.0614254,2
668,1.30566729962874,1.312364,1.2472842,2
669,1.3014767071230433,1.3327521,1.2602047,2
670,1.2944925856976175,1.3346778,0.9623827,2
671,1.2989846140972436,1.3309464,0.96484625,1
672,1.3082051373340942,1.3313789,0.8780089,2
673,1.305884130967748,1.3327059,0.8718764,2
674,1.3061742962039957,1.3318806,0.9217208,1
675,1.3108985020569102,1.3312029,0.89936507,2
676,1.3101099684741233,1.3306748,0.88408613,1
677,1.3177709146577894,1.3258791,0.8760524,2
678,1.3183352208002117,1.3332925,0.8644817,2
679,1.3179475350294214,1.3401586,0.86226857,1
680,1.3253143573260067,1.3461477,0.9536846,2
681,1.329004998238562,1.3570812,0.93853456,2
682,1.3267133841568186,1.3615662,0.9835632,2
683,1.3323068865354275,1.354445,0.96635365,2
684,1.3347648968120456,1.3626381,0.97403765,1
685,1.3376090044635445,1.364776,1.0392164,0
686,1.3251696093879615,1.3748623,1.1224641,1
687,1.3290368275437934,1.383456,1.1999199,2
688,1.3240687399879167,1.3733419,1.0497135,2
689,1.3258116960387099,1.3620394,0.9816074,1
690,1.3316411194281332,1.3596543,0.999375,2
691,1.3348644366997995,1.3540444,0.9723903,1
692,1.3357264622331675,1.3509622,0.99390906,0
693,1.3292237794633692,1.3566988,1.004395,2
694,1.3280006157087116,1.3602202,1.0483229,0
695,1.3233959751619826,1.3550053,0.97157305,2
696,1.3208217409271206,1.3596579,0.97019076,2
697,1.3234600721692966,1.3601147,0.98705024,1
698,1.3294460705291664,1.3614669,1.0611311,2
699,1.32992380735081,1.3537122,0.954818,2
700,1.3287101996457886,1.3517954,0.99524033,2
701,1.330592956056158,1.3457386,1.0166355,1
702,1.3357206239284773,1.3485122,0.9647886,0
703,1.329855402399067,1.3523045,0.8942176,2
704,1.3338244385346936,1.3649724,1.0693042,2
705,1.3370615095862413,1.3684481,1.0082895,2
706,1.3349526454212155,1.3676541,1.0297582,2
707,1.3389524484352544,1.3595365,0.9925285,2
708,1.3412841401112894,1.3590951,1.0291793,0
709,1.3340475567004542,1.3602111,0.9757992,0
710,1.3258836917591073,1.3666333,1.0383431,2
711,1.3229210325057352,1.3792375,1.1456524,2
712,1.3175423374212596,1.3787369,1.0836076,2
713,1.3153684106337737,1.3690946,1.1183988,2
714,1.3165494843390984,1.3643981,1.1521887,2
715,1.3161992133490197,1.3578757,1.145793,0
716,1.3094470648010172,1.3545209,1.1464435,1
717,1.3121858412784608,1.3543587,1.1427485,2
718,1.3118214551555447,1.3502127,1.1207232,1
719,1.3211632802577378,1.3442956,1.1975287,2
720,1.3246195499564741,1.3424169,1.0603893,1
721,1.3284072097499517,1.3453679,1.0380849,2
722,1.3256701727367153,1.3472908,0.9940571,2
723,1.3270394611842262,1.351538,0.9850269,1
724,1.3264275901378508,1.3462657,0.93647146,2
725,1.3338221708206348,1.3425338,0.9720162,2
726,1.3353906465158902,1.3503526,0.9528262,1
727,1.3511350305044878,1.3508871,0.9006034,2
728,1.3519695080207492,1.3716813,1.0504764,2
729,1.3516047062572931,1.3874242,1.1008421,2
730,1.346294879643585,1.3911287,1.122726,0
731,1.3462866353132172,1.3883388,1.0465434,2
732,1.3455381116427332,1.383493,0.97446275,1
733,1.34941031851838,1.3775238,0.946091,2
734,1.34912813264594,1.3732907,0.94484234,1
735,1.3500442456381654,1.3748147,0.9912913,2
736,1.3488397071523208,1.3704919,0.92334867,2
737,1.349925421998425,1.3666432,0.962144,2
738,1.3503394214792768,1.3662825,0.892284,1
739,1.3564883221351747,1.3708328,0.9451034,2
740,1.3569979307796345,1.3720864,0.9749585,0
741,1.35005803486288,1.3763098,1.0133004,2
742,1.3505044461361357,1.3902544,1.0925913,2
743,1.3569835042617235,1.3857535,1.0499004,2
744,1.3593232257758745,1.3872198,1.0604025,0
745,1.3542797957980088,1.3839513,0.9747021,2
746,1.3547811119326623,1.3967669,1.1580311,2
747,1.3566341849910524,1.4010621,1.085599,2
748,1.3548896156862118,1.4040017,1.1774726,2
749,1.3584715682044814,1.4017315,1.1857097,2
750,1.3577576352425762,1.3978268,1.1676186,2
751,1.3576276147636173,1.4095424,1.1674368,1
752,1.370725649283905,1.4118583,1.194122,2
753,1.3712026219179188,1.3932246,1.1883571,2
754,1.3665595178522505,1.3929449,1.1976777,2
755,1.3670273228584262,1.3816812,1.086782,1
756,1.3776342207213643,1.3813694,1.0551245,2
757,1.380111755391461,1.3880869,1.0480953,2
758,1.382038499338706,1.3964479,1.1152519,2
759,1.3817361713312362,1.4020461,1.1212535,2
760,1.3766493474861277,1.4052428,1.1507033,2
761,1.3795980300401287,1.3970655,1.0627424,0
762,1.3743382635881396,1.3967496,1.0466214,2
763,1.3712463473177088,1.3971038,1.0085815,0
764,1.355841218317968,1.3955615,1.0613973,0
765,1.3495570368428944,1.4000547,1.1302303,2
766,1.3481725574732888,1.4023688,1.1972245,2
767,1.3513441707202631,1.3988413,1.2742262,0
768,1.3482873606972474,1.3965092,1.1693246,1
769,1.3490438237590872,1.3960199,1.2279271,0
770,1.3376536786067905,1.3925121,1.2228091,0
771,1.3321175128944711,1.3796189,1.1090335,2
772,1.329798942805427,1.3682386,1.1255374,1
773,1.3387720282095688,1.3553221,1.2641816,2
774,1.344009898275444,1.358652,1.1624632,1
775,1.3473961114449697,1.3713007,1.1976701,0
776,1.3458326317672866,1.3803324,1.1872247,1
777,1.3466152963509164,1.3893111,1.1900538,2
778,1.343622930612371,1.3874158,1.1080029,2
779,1.3517324696913073,1.3712823,1.05364,1
780,1.3558264927863968,1.3630269,1.0037338,0
781,1.3439897489102255,1.3615708,0.9195141,1
782,1.349698389222312,1.3716966,1.124051,1
783,1.3558007912514989,1.3784887,1.0078073,2
784,1.3524638150411716,1.3766096,0.9771943,2
785,1.353280637933979,1.3705912,0.9888741,2
786,1.3554772158180588,1.3719574,1.0005941,2
787,1.3575656023354217,1.368706,0.92417115,2
788,1.3577049641966885,1.3765805,1.041149,2
789,1.3572694347723957,1.3791019,0.99889016,2
790,1.3523085681565656,1.3807765,1.0297947,0
791,1.3519033452041684,1.3737773,0.95677394,1
792,1.3572201009451605,1.3773731,1.0149227,2
793,1.3580098162951084,1.3740615,0.93130046,1
794,1.364808609276009,1.3762958,1.0195292,1
795,1.3676788414190233,1.3778756,0.99544656,2
796,1.3645861539415964,1.3814862,1.0717114,2
797,1.3713354217488143,1.3805393,1.0504681,2
798,1.374353819608444,1.3860177,1.0545577,2
799,1.3745289586470393,1.3929887,1.0555631,2
800,1.37196027678952,1.3957773,1.0914788,2
801,1.371187672759734,1.4006977,1.106678,2
802,1.3715099521499303,1.4000113,1.0708939,2
803,1.37651011736395,1.3921336,1.030913,2
804,1.3775796056028982,1.3894957,1.0208313,0
805,1.3671429532663522,1.3884784,1.0389799,2
806,1.366092851370475,1.3950808,1.1250805,2
807,1.3672201546808835,1.400739,1.0866476,2
808,1.36501767315834,1.4038227,1.1299403,2
809,1.3662396695614447,1.4087512,1.2275141,2
810,1.3605589083854177,1.4063407,1.2011331,2
811,1.3610890527247945,1.407037,1.2213658,2
812,1.3665821760297858,1.4043269,1.3008649,1
813,1.37183667588782,1.401817,1.2219039,2
814,1.3704170165359013,1.40268,1.2172408,1
815,1.3757105397093288,1.4042923,1.3050427,0
816,1.3710645399692634,1.3989038,1.1585592,2
817,1.3710307558423402,1.406461,1.2041266,0
818,1.3638667099822113,1.4007193,1.1749344,0
819,1.358877769089129,1.4148519,1.1868776,2
820,1.3563300979316089,1.4194202,1.2778758,1
821,1.36330838121472,1.4164697,1.4549003,2
822,1.362648816852586,1.4186957,1.2954041,0
823,1.3579281154464067,1.4189953,1.3630064,1
824,1.3605809811073482,1.4183977,1.395389,1
825,1.3653989068369343,1.4194816,1.3196446,2
826,1.3605543381116498,1.4185575,1.2825186,2
827,1.3645638196714447,1.4107959,1.326969,2
828,1.3636960628144825,1.3485833,1.211407,0
829,1.3588432537212816,1.3462524,1.2523483,2
830,1.3605817800163873,1.3442882,1.2336583,0
831,1.3527160029660634,1.3474671,1.2307725,2
832,1.350934614229588,1.3419617,1.2420434,2
833,1.3545109549446437,1.3391535,1.2466348,2
834,1.3561484655384055,1.3401643,1.2595624,2
835,1.354510620916171,1.3396716,1.24867,1
836,1.3664678741524643,1.3406038,1.2514427,2
837,1.3644349219002545,1.339019,1.2065637,2
838,1.36436228436511,1.3400954,1.2742883,2
839,1.3639873049198459,1.3374735,1.2585237,2
840,1.3636339922267489,1.3385131,1.229017,2
841,1.3633081582375626,1.34037,1.2555656,0
842,1.3532004120569683,1.3432755,1.213713,0
843,1.3485356265503805,1.3422362,1.1906356,2
844,1.3467211484863115,1.341223,1.2076675,1
845,1.350748285886517,1.3428377,1.3048071,2
846,1.351749360483859,1.3475647,1.2603451,2
847,1.3530045407633533,1.3458701,1.2662299,1
848,1.35925457292692,1.3434249,1.2642529,1
849,1.3620262388770465,1.3450295,1.2357408,2
850,1.3619473357649472,1.3444169,1.2320805,2
851,1.3647859054687022,1.341209,1.2763717,2
852,1.3623737410296022,1.3386017,1.2095677,0
853,1.3596516511537984,1.338545,1.2333971,1
854,1.3697049234784955,1.3368522,1.2006146,2
855,1.3708737261901538,1.3387847,1.1582171,2
856,1.3684644052372226,1.3390499,1.2181554,2
857,1.3712118440562673,1.3361815,1.259675,1
858,1.3745628224837603,1.3353144,1.2569934,2
859,1.3703503093233511,1.3398463,1.2404159,2
860,1.3693908133929231,1.3438935,1.2898203,2
861,1.371026734793623,1.3446175,1.2613127,2
862,1.3691113460827187,1.3452473,1.2326713,2
863,1.3712750471321153,1.3430129,1.246286,2
864,1.3725179389826723,1.3421851,1.2358758,0
865,1.3668270611050302,1.3406295,1.2143219,2
866,1.3697867851829622,1.3407382,1.2510109,1
867,1.3740711136934176,1.3425312,1.2358902,2
868,1.3728442446505333,1.349708,1.253991,0
869,1.3683941996124525,1.3494836,1.2971013,2
870,1.3687242232325278,1.3500415,1.295332,2
871,1.3710668349201975,1.3514956,1.3205638,1
872,1.3812059417255436,1.3529354,1.287796,2
873,1.3842130300918036,1.3572979,1.2469511,2
874,1.3841913909797243,1.3560349,1.3073424,2
875,1.383169930930972,1.3522719,1.2922752,2
876,1.3836491236603612,1.3525131,1.2525606,1
877,1.3875204772354792,1.352253,1.2805039,2
878,1.383746115588404,1.3544604,1.2197071,1
879,1.3878212912685595,1.3577706,1.2909653,2
880,1.3879210229075982,1.3594986,1.2473425,2
881,1.3905500239860271,1.3599738,1.3162183,2
882,1.3914194980488874,1.3590609,1.2388026,0
883,1.3792080922551961,1.3574435,1.2544988,0
884,1.376771414652844,1.3563766,1.2824732,2
885,1.3786333377623954,1.3586314,1.2833657,2
886,1.3793347866374501,1.3627379,1.3080484,1
887,1.3833923272326156,1.365829,1.2959305,2
888,1.3804605800728198,1.3653655,1.2520413,2
889,1.3772235535770883,1.3607554,1.2807684,0
890,1.3727442894983732,1.3604026,1.2933462,2
891,1.3754921168428256,1.3613861,1.3113515,2
892,1.3745959797883336,1.3622655,1.316719,2
893,1.3778145892752138,1.3621248,1.3360856,2
894,1.3789201745396746,1.3595778,1.2708015,2
895,1.375961659970951,1.3575677,1.2717619,0
896,1.3712787281492826,1.3567168,1.2957773,2
897,1.3708815980048674,1.3565167,1.2703173,2
898,1.369930343835408,1.354424,1.2875094,1
899,1.3751948216760272,1.3552401,1.3225663,1
900,1.3806109793230579,1.3565456,1.279263,1
901,1.3876017881588756,1.355075,1.2456207,2
902,1.3886749544270893,1.3490312,1.2360762,2
903,1.3868239113665422,1.347766,1.2892696,2
904,1.3826136234449231,1.3477544,1.2459297,2
905,1.3770286547939816,1.3490392,1.2953503,2
906,1.3789700177407624,1.3532519,1.3026083,2
907,1.3804054882235528,1.3562313,1.3029037,2
908,1.3790975017635112,1.3578221,1.2799213,2
909,1.3782930252202337,1.35755,1.2693837,2
910,1.3767514089900093,1.3544631,1.2897393,2
911,1.3750873270966602,1.3527559,1.3150123,2
912,1.377525153779979,1.3534787,1.3146619,2
913,1.377967136704974,1.3548417,1.3044046,2
914,1.3804944925781326,1.3586206,1.3193069,2
915,1.3811748129841561,1.3627423,1.3135002,2
916,1.3814697638235511,1.3657134,1.3280708,2
917,1.3843311499514122,1.3655343,1.3410381,0
918,1.381062312965212,1.3611159,1.2705003,1
919,1.3895991252542208,1.3630253,1.3096472,2
920,1.3888574690426918,1.3562001,1.1979493,2
921,1.3917015796073784,1.355556,1.3292576,2
922,1.3901100375319326,1.3524301,1.245715,2
923,1.3923557147037917,1.3499273,1.300907,1
924,1.3940892796778273,1.3497797,1.2794664,2
925,1.3915036004844925,1.3563021,1.283641,0
926,1.3827861561787622,1.3594639,1.3001007,0
927,1.3777453016496413,1.3680196,1.3012787,2
928,1.375540534860486,1.3684119,1.3066517,2
929,1.3765825850245499,1.3706827,1.3739896,0
930,1.373590560700383,1.373022,1.3503354,2
931,1.3723321936692243,1.3645519,1.3151163,2
932,1.3708262159059164,1.3595144,1.3421769,2
933,1.3680539890273993,1.3556726,1.3042929,2
934,1.3674313164923477,1.3529853,1.2920008,2
935,1.3673389645148486,1.3525025,1.2937831,2
936,1.3665668291916235,1.3544466,1.2996536,2
937,1.3642287682902836,1.3555858,1.2979059,2
938,1.3619122013716658,1.3551553,1.2948601,2
939,1.3585985130701235,1.3547693,1.2988715,2
940,1.3596162053198477,1.3521744,1.3167526,2
941,1.3622011511760137,1.3499259,1.3082335,2
942,1.3590387277124412,1.3496355,1.2798389,0
943,1.3572078418920697,1.3484254,1.2992083,2
944,1.3592304202324321,1.3463973,1.2893376,2
945,1.360398620071492,1.3497293,1.311772,2
946,1.3570455627959368,1.351075,1.2804863,2
947,1.356573077793306,1.346027,1.2870177,2
948,1.357870404378799,1.3462974,1.2934203,2
949,1.357926181578821,1.3486172,1.2780598,1
950,1.366073725255282,1.3530949,1.3237588,2
951,1.3642105875233506,1.3461142,1.16538,2
952,1.3619710629829267,1.3374926,1.2088153,0
953,1.359130430993051,1.329696,1.1580086,0
954,1.355943989420817,1.3263868,1.2454813,2
955,1.3546257579749468,1.3281685,1.2533123,2
956,1.3536353724949892,1.3365949,1.2691282,2
957,1.353536174174861,1.3434108,1.2526107,2
958,1.3529695195522833,1.3455864,1.2617562,1
959,1.3562940873116371,1.3418773,1.2832456,2
960,1.3553454330611916,1.3407798,1.2175727,1
961,1.3589532919691407,1.3409268,1.2531068,2
962,1.3603204287453177,1.3409506,1.1881449,2
963,1.3581153911690578,1.3410308,1.1953871,2
964,1.3573717384460657,1.3399527,1.1973333,2
965,1.3612860775539504,1.3385795,1.2673936,2
966,1.36270882082483,1.3395997,1.1916548,2
967,1.3635882088885936,1.3424622,1.2090656,2
968,1.3645531179073689,1.340134,1.1579816,1
969,1.3663264145572092,1.3390013,1.1883001,2
970,1.3635567053122437,1.3354458,1.1440059,1
971,1.3686794737703394,1.3318561,1.2347844,2
972,1.366795898372082,1.3342515,1.2279091,2
973,1.362626000894356,1.3372387,1.2291566,0
974,1.3593961127060221,1.3394473,1.2245959,2
975,1.3569792424974256,1.3461739,1.243862,2
976,1.3544401380092062,1.3517808,1.2669117,2
977,1.3590405487100685,1.3550428,1.3106858,2
978,1.3611908503277141,1.3574115,1.241329,2
979,1.362843683496653,1.3547403,1.2803061,0
980,1.3595118776308674,1.3493823,1.2116853,2
981,1.3570465526917723,1.3501686,1.2717371,2
982,1.3557006320307539,1.3506947,1.2821026,2
983,1.3583992550217943,1.3512331,1.3531424,0
984,1.3544588211317772,1.3507401,1.2484686,0
985,1.3517094672768146,1.3479629,1.2945743,2
986,1.3527640370366176,1.3414873,1.2602001,2
987,1.3554476525325787,1.3414623,1.3171456,2
988,1.3528748069287118,1.3404742,1.2614206,2
989,1.3509963583556062,1.3365244,1.2655146,0
990,1.3441730363925326,1.3339628,1.2537415,2
991,1.3448135700951975,1.3297231,1.273493,2
992,1.3437245250768681,1.3328968,1.3050504,0
993,1.3421344331768235,1.3356136,1.2957789,2
994,1.3409264440977984,1.3335994,1.2864023,2
995,1.3419458757123994,1.3316087,1.2922329,2
996,1.3396422706927533,1.3325063,1.3180573,2
997,1.3395036061642545,1.3320676,1.300287,2
998,1.3389476313745337,1.3281788,1.2674992,1
999,1.3419769548824834,1.3264943,1.2837962,2
1000,1.340589483627738,1.3267907,1.2384409,2
1001,1.3407994635788225,1.3240207,1.2444482,0
1002,1.3372798545220108,1.3236215,1.226197,2
1003,1.3379129850835816,1.3233322,1.2415199,2
1004,1.3374272609575764,1.3230177,1.2363445,1
1005,1.340356865552637,1.3248867,1.271216,2
1006,1.336787735888986,1.3244121,1.1784283,2
1007,1.33608747909259,1.3181233,1.2112402,2
1008,1.3361555893933303,1.3133978,1.200054,2
1009,1.3349165098729951,1.3136357,1.2391872,2
1010,1.334659623140277,1.3188382,1.2404517,1
1011,1.3365593787492225,1.3255583,1.2361476,2
1012,1.33507819303202,1.3238107,1.1929904,2
1013,1.3329543936103967,1.3185891,1.2222915,0
1014,1.3285048133476969,1.3165079,1.2369466,0
1015,1.325074687657928,1.314679,1.2924241,2
1016,1.325354141743066,1.312098,1.2696949,0
1017,1.321825518014656,1.3141962,1.2616957,0
1018,1.3191172148527728,1.3094804,1.2815949,2
1019,1.3156946698293015,1.2983297,1.2750825,2
1020,1.3141030007343488,1.297289,1.2924345,2
1021,1.3160611801838007,1.2990643,1.2748579,2
1022,1.313298838924308,1.3020912,1.2687806,0
1023,1.307972092359633,1.3029817,1.2957611,2
1024,1.3079603418023924,1.2985244,1.3220713,2
1025,1.309125238727561,1.2975303,1.2921251,2
1026,1.311517982649254,1.3003925,1.2750881,2
1027,1.3112330652345605,1.3019952,1.267295,0
1028,1.2940487041739515,1.301935,1.2833935,2
1029,1.2977033842264853,1.269324,1.1872592,2
1030,1.2964987824856322,1.2669079,1.1831208,0
1031,1.2937289651607957,1.2685658,1.2303408,1
1032,1.2954798751228123,1.2705433,1.1945697,2
1033,1.294362821132535,1.2686831,1.2144895,2
1034,1.2963798409724507,1.2659017,1.2060401,1
1035,1.2990178932922325,1.2723646,1.2185241,2
1036,1.2953438890696696,1.2795303,1.2180543,2
1037,1.296982017474168,1.2799827,1.224279,2
1038,1.2968350450692454,1.2797021,1.1816586,0
1039,1.2875128960262294,1.2809061,1.1829613,1
1040,1.292951072057536,1.273074,1.1596715,0
1041,1.285431119557376,1.2790848,1.1846821,2
1042,1.2865286729427003,1.269569,1.2038683,2
1043,1.2869429263743946,1.2692307,1.2290499,2
1044,1.2864768701836788,1.2686874,1.2258066,0
1045,1.2785341883907682,1.2688451,1.1955085,2
1046,1.2756875765477427,1.2625017,1.2543598,0
1047,1.268170610272333,1.2512659,1.1736183,2
1048,1.2680629724905683,1.2446985,1.1990255,2
1049,1.2686139212509489,1.2504048,1.1992217,0
1050,1.2630994214715583,1.2525257,1.2206204,2
1051,1.2626962626640827,1.24557,1.1604362,1
1052,1.2668170066340996,1.2418474,1.1916528,0
1053,1.249609950200481,1.2405282,1.1787229,2
1054,1.2483838880719236,1.2254392,1.1381339,1
1055,1.2623740691611627,1.2265047,1.1937505,2
1056,1.2673770328983263,1.2338148,1.1375072,1
1057,1.2734380207679334,1.2386454,1.1708103,0
1058,1.267611814004403,1.2508223,1.2337224,0
1059,1.2630216704279644,1.2508378,1.1560961,2
1060,1.2633811899522815,1.2452031,1.0834935,1
1061,1.2722912631090146,1.2451959,1.1679751,0
1062,1.2672220042341074,1.2526249,1.1540394,1
1063,1.279915628819503,1.2477742,1.0921084,2
1064,1.2791050428011206,1.264387,1.2441679,0
1065,1.2743930903846996,1.2699673,1.2310908,2
1066,1.2727883344976396,1.267731,1.1756035,1
1067,1.2761305243656629,1.2653922,1.2052009,0
1068,1.2678847003082219,1.2661948,1.1991843,0
1069,1.2626967217507514,1.261467,1.2060932,2
1070,1.2646562842819247,1.2519822,1.1943463,2
1071,1.266503648171527,1.2558807,1.1921214,2
1072,1.2659063346481672,1.2585874,1.1744787,2
1073,1.2713664035305738,1.2586783,1.214562,1
1074,1.2727440521508258,1.2601761,1.2090234,0
1075,1.262692048221341,1.262081,1.2083707,2
1076,1.2625562385110318,1.2553173,1.1786914,0
1077,1.2549994759968004,1.2496458,1.1498345,2
1078,1.2512185436354326,1.2305362,1.1096953,2
1079,1.2529239978949922,1.2219895,1.1762191,1
1080,1.2574930939546947,1.2202462,1.1081178,0
1081,1.2489774215511735,1.2238307,1.1490288,0
1082,1.2393193247146117,1.2200507,1.1333616,1
1083,1.2456143861890083,1.2101675,1.0591656,2
1084,1.2429645527717277,1.2167339,1.1453798,0
1085,1.2418597860832274,1.2172989,1.19134,1
1086,1.2453160934882126,1.2132983,1.1598984,0
1087,1.2429375290348297,1.2180268,1.1706924,1
1088,1.2482846714524234,1.2172438,1.1551288,1
1089,1.2533306622095943,1.2267436,1.1566342,2
1090,1.2512714767162887,1.2314345,1.1567638,0
1091,1.2459769754704915,1.2285738,1.1250699,1
1092,1.2549611741814544,1.2225543,1.0927107,2
1093,1.2575713060349996,1.2278187,1.1308813,2
1094,1.2566780438647118,1.2355747,1.1582017,0
1095,1.2387811905127788,1.2376181,1.128342,2
1096,1.2390258862592718,1.2238017,1.1229024,1
1097,1.245157134085463,1.2207953,1.2024909,1
1098,1.2521608703067841,1.2297748,1.1904272,2
1099,1.2525999567798116,1.2349788,1.2145356,0
1100,1.245583009946252,1.233348,1.1964481,2
1101,1.244528363473706,1.2264944,1.1480314,2
1102,1.2433352141593612,1.2268351,1.1454685,1
1103,1.247521294613492,1.2281847,1.1971097,0
1104,1.237938270590734,1.2316648,1.1710842,0
1105,1.2315125833894265,1.2223121,1.1467366,1
1106,1.2378293540577596,1.206942,1.0930909,0
1107,1.2307270946850521,1.212226,1.1611254,2
1108,1.2303497846427054,1.2031466,1.0880103,2
1109,1.2327228365477205,1.2046437,1.1573516,1
1110,1.2398595404263977,1.2020993,1.194745,1
1111,1.2493653778896734,1.2110628,1.2231867,0
1112,1.242335712956359,1.2220875,1.2273746,1
1113,1.249448601388236,1.2183098,1.1627841,2
1114,1.246366597846493,1.2252576,1.201379,2
1115,1.2485668414821578,1.2258345,1.1906471,1
1116,1.253919472263301,1.2243847,1.1252583,0
1117,1.2343333366792713,1.2340424,1.1967773,0
1118,1.2299950161222872,1.218746,1.069855,0
1119,1.2225317613812645,1.21255,1.0984482,2
1120,1.2208899186674116,1.201728,1.1362745,2
1121,1.2198842052476395,1.2013227,1.1274672,0
1122,1.2154209041160913,1.2130375,1.2196043,2
1123,1.2178392747913303,1.2091352,1.1908523,2
1124,1.2172819857207962,1.212537,1.2060207,2
1125,1.2131124035336422,1.2110832,1.2051061,2
1126,1.2112467643785165,1.2059277,1.2051982,2
1127,1.210532795971169,1.2061726,1.2177173,2
1128,1.2118285400039748,1.2070199,1.1813198,0
1129,1.205865399318556,1.2085272,1.1834067,2
1130,1.204617428940101,1.2014376,1.1340194,0
1131,1.1988200098307829,1.1953703,1.1521356,0
1132,1.1962706654774085,1.1828675,1.0956864,2
1133,1.194007368794051,1.1607009,1.0427841,0
1134,1.185941613093661,1.1540114,1.0672898,0
1135,1.180128522992383,1.1457479,1.0570515,0
1136,1.1769661528272832,1.1408647,1.1131746,1
1137,1.1828843537307154,1.1467147,1.034906,2
1138,1.1843527671934022,1.1598986,1.0841905,0
1139,1.1799350137407392,1.1614423,1.1015383,0
1140,1.1754754290888938,1.1545384,1.1554952,2
1141,1.1760020688785504,1.1524467,1.1644757,0
1142,1.1639797580372022,1.1579404,1.1417828,0
1143,1.157451382642717,1.1346343,1.125206,2
1144,1.1587154068180021,1.1109523,1.0962613,1
1145,1.1621236247793783,1.1027287,0.98454005,0
1146,1.158681283663219,1.1065391,1.1175187,1
1147,1.1632028618948371,1.1092469,1.0707259,0
1148,1.135874078304561,1.1249721,1.2080457,0
1149,1.1203835196530583,1.083971,1.0332292,0
1150,1.118653379589513,1.037236,1.2058845,1
1151,1.1294670982792285,1.0129743,1.2193215,1
1152,1.1377601138540039,1.0439985,1.2712809,0
1153,1.1321168399959314,1.0770806,1.4140744,1
1154,1.134225394159629,1.076892,1.2250903,0
1155,1.1314963303452548,1.0902116,1.2814049,2
1156,1.1313843920169184,1.0869861,1.1676133,1
1157,1.1392335106317044,1.0895889,1.104614,1
1158,1.1482616153638343,1.09482,1.2254715,0
1159,1.1364314877572292,1.1032175,1.3410611,1
1160,1.1485827614314148,1.0837513,1.1320637,0
1161,1.1357736552578916,1.1096629,1.2826705,2
1162,1.1356585443936988,1.0882792,1.1069276,2
1163,1.1357994128397573,1.0751246,1.0241324,2
1164,1.1357516857090013,1.0793694,1.125043,2
1165,1.1346716082932562,1.0759766,1.1855142,1
1166,1.1413591283151876,1.0861489,1.1991339,2
1167,1.1400711997491402,1.1049386,1.2809014,2
1168,1.1382074654179446,1.1134323,1.2319851,0
1169,1.132505281083952,1.1129043,1.1776972,1
1170,1.1395126212589868,1.1020634,1.2196445,2
1171,1.1395061488353384,1.1089746,1.2318201,0
1172,1.1375870588959605,1.1062305,1.2293574,2
1173,1.1385830859000066,1.0973511,1.152569,2
1174,1.1354683758859467,1.0962368,1.174107,0
1175,1.1350389797876719,1.0888891,1.139014,2
1176,1.137944533148536,1.0805845,1.1412205,2
1177,1.1381049869743656,1.0815231,1.1533089,0
1178,1.124712399872078,1.084769,1.230553,2
1179,1.1218903112503582,1.071139,1.1283239,0
1180,1.1190255573318557,1.0752387,1.2728511,2
1181,1.1206479526689124,1.0832816,1.1783613,2
1182,1.121627943721761,1.1065108,1.2822363,0
1183,1.1117217982265422,1.111964,1.269668,0
1184,1.105749610097454,1.0943216,1.2009375,0
1185,1.0883309004965696,1.0754533,1.2221894,2
1186,1.087830774426733,1.0232815,1.3219346,2
1187,1.0866507561639518,1.0116698,1.3250153,0
1188,1.073747889424081,1.0133138,1.5385312,0
1189,1.06012126052399,0.9804716,1.5176368,1
1190,1.0652812303479473,0.93353164,1.7918586,0
1191,1.0549891746415894,0.9512373,1.5221509,2
1192,1.0515670635125958,0.91980505,1.6717383,1
1193,1.0584973820961727,0.927781,1.3183777,2
1194,1.0631885268604675,0.9805494,1.6329746,1
1195,1.084781176879828,1.0121197,1.4931763,0
1196,1.0723455092538994,1.0687815,1.8395466,1
1197,1.0833573613830414,1.0434587,1.4476464,2
1198,1.086108714422501,1.0555426,1.5325427,1
1199,1.1000378585443433,1.0478604,1.412375,0
1200,1.0992134572370178,1.0587366,1.4880934,1
1201,1.1009156562890319,1.0671183,1.3658332,0
1202,1.0944487481958047,1.0716972,1.417962,2
1203,1.0927353367626682,1.0661825,1.2133389,2
1204,1.0905159730909542,1.0586197,1.1955804,0
1205,1.0848116208607819,1.0511005,1.2386578,0
1206,1.0761086251889185,1.0335554,1.2561346,1
1207,1.0803496903514642,1.0059272,1.2456375,1
1208,1.0900874295501215,1.0085008,1.3478662,1
1209,1.0995812683877577,1.0362799,1.3941475,2
1210,1.0987210862500216,1.0526911,1.4241388,0
1211,1.093971654312067,1.0696574,1.4102249,0
1212,1.0806673335330028,1.0621114,1.2968493,0
1213,1.0777801687765975,1.0311204,1.2683109,0
1214,1.0662651078295378,1.0154787,1.3469832,0
1215,1.0628206285510633,1.0001861,1.3395189,2
1216,1.0628979564230825,0.98620343,1.4308848,0
1217,1.0623570414070032,0.98958796,1.3413448,1
1218,1.0679724840322233,0.98936105,1.5027461,1
1219,1.071350866768422,1.0147725,1.4473785,1
1220,1.078984741094097,1.0339408,1.5382628,1
1221,1.0841575588314212,1.0513883,1.556805,2
1222,1.0820758448118,1.0576435,1.4985561,0
1223,1.0780377974262934,1.0481511,1.3846436,2
1224,1.0757842450283666,1.0287676,1.322906,2
1225,1.0772110131334398,1.0157217,1.332506,1
1226,1.0875296967811157,1.0106715,1.2775095,1
1227,1.092317621422089,1.0168803,1.3721015,2
1228,1.0920892927461407,1.0289617,1.4222829,2
1229,1.0923931624553607,1.0365785,1.3469636,1
1230,1.1002910206453649,1.0482337,1.2781427,1
1231,1.1138244491151124,1.0733747,1.3637991,1
1232,1.1234541424387205,1.1141621,1.4974308,2
1233,1.119505141013152,1.1439873,1.611026,2
1234,1.11710018044073,1.1489424,1.4612484,0
1235,1.115848379774998,1.1410117,1.3453851,1
1236,1.1212778105696661,1.1228057,1.1819296,1
1237,1.135673379967553,1.1131704,1.2248591,0
1238,1.1260907374347933,1.135194,1.4407009,0
1239,1.1199341433078498,1.1264656,1.3242362,2
1240,1.1157030105829153,1.1142234,1.2487152,0
1241,1.1133481215496825,1.1039443,1.2251228,1
1242,1.1190438655026798,1.0699776,1.0566422,1
1243,1.1314391551680907,1.0778239,1.0640697,1
1244,1.139741133135405,1.0950519,1.1218362,1
1245,1.1432610360563755,1.1080272,1.1630254,2
1246,1.1418894642366677,1.116152,1.164417,0
1247,1.1282278021186274,1.1165915,1.1680607,0
1248,1.1077981757538948,1.0976332,1.0775192,0
1249,1.1075949498940703,1.0542614,1.1208326,2
1250,1.1102430705374742,1.0448618,1.1551169,0
1251,1.1003839017363164,1.0683056,1.1023947,2
1252,1.097479064006938,1.0733422,1.069733,2
1253,1.0943100402035477,1.0691816,1.0299791,0
1254,1.0875904292869523,1.0680984,1.0351604,2
1255,1.0876598333257783,1.0640347,1.0481659,1
1256,1.0944728498719445,1.0669982,0.9902073,2
1257,1.0971342017199237,1.0742775,1.0065,2
1258,1.0928933936466905,1.0666664,1.0054926,0
1259,1.0911890906686048,1.0475907,1.0360098,1
1260,1.1120495919102737,1.0403993,0.9997301,1
1261,1.1251469538807573,1.061714,1.1516395,0
1262,1.1206701834636201,1.074854,1.1350396,0
1263,1.1081451465206,1.0795479,1.1053375,2
1264,1.1067489217504352,1.0689527,1.0501164,1
1265,1.1274839012966145,1.0601177,1.0652124,2
1266,1.1319212987221443,1.0855658,1.1131754,2
1267,1.1313309105652714,1.0942416,1.0878466,0
1268,1.1235720675048078,1.0969827,1.0742774,2
1269,1.1240377141618898,1.0911868,1.0427021,0
1270,1.1257119900735881,1.0907302,1.069623,1
1271,1.1267958168852095,1.083663,1.0213085,0
1272,1.1241099273356547,1.0854093,1.0599376,1
1273,1.135957097395564,1.0821042,1.0423609,2
1274,1.1381453663732963,1.0971502,1.0877874,2
1275,1.1366887539062227,1.1060075,1.1272963,2
1276,1.1334115870441983,1.103666,1.0899415,2
1277,1.1329042159391818,1.1020648,1.0823365,0
1278,1.1168143844495009,1.0961044,1.0884826,1
1279,1.1197150207415434,1.062804,1.0711848,2
1280,1.1190614187256447,1.0609351,1.1002746,0
1281,1.1154071521265048,1.0692792,1.0747436,0
1282,1.1056428488998002,1.0742446,1.0485911,1
1283,1.1173469407855254,1.0428686,0.9845421,0
1284,1.114095541581711,1.0724611,1.0883284,0
1285,1.102244228876237,1.0654225,1.0101793,1
1286,1.1067722164406009,1.0511324,1.0055826,2
1287,1.1080393646802376,1.0553571,1.0377145,0
1288,1.1048260648656951,1.0607681,1.0394839,1
1289,1.1023687544778928,1.04348,1.0349542,0
1290,1.1001753791689932,1.0522317,1.0272214,1
1291,1.1061151708131107,1.0527087,1.0196267,2
1292,1.1069364476097503,1.063894,1.0314517,1
1293,1.1142448492869508,1.0606575,1.0015649,2
1294,1.1144405886526259,1.064626,1.0763164,0
1295,1.0968542930095802,1.0553626,1.0486455,2
1296,1.0993035799578479,1.0347437,1.0118804,0
1297,1.0930596310868532,1.0438349,1.0419407,0
1298,1.087320802340919,1.0462395,1.0265769,0
1299,1.0827482786737974,1.0502317,0.97844124,2
1300,1.0817106865335853,1.0511243,0.9951711,2
1301,1.084831696749686,1.058945,1.0319471,1
1302,1.091756365455497,1.0655228,1.0481265,2
1303,1.0941020854600507,1.0713059,1.0477144,1
1304,1.0974274682932839,1.0595024,0.9898577,2
1305,1.0971018336277476,1.0569252,1.0277636,2
1306,1.096228161259937,1.0484672,1.0219128,1
1307,1.1058597289564063,1.0427184,1.0252547,2
1308,1.1055415620673572,1.0567479,1.0774409,0
1309,1.096409246950275,1.0558012,1.0774937,0
1310,1.092965516246815,1.0424463,1.0231348,1
1311,1.0945800256696492,1.031262,1.0067892,2
1312,1.0941367149449934,1.0411199,1.0641527,2
1313,1.090785127160026,1.03702,1.0157039,0
1314,1.0856526602153953,1.0332574,1.0159789,2
1315,1.0877251366821172,1.0286976,1.0158167,2
1316,1.0914068285140608,1.0378175,0.99759537,1
1317,1.0951557685358446,1.0487374,1.0066564,2
1318,1.094212722823329,1.0540305,1.0127248,1
1319,1.1005301575748874,1.045323,1.0129337,2
1320,1.105147184839682,1.0475796,1.0361174,1
1321,1.1158727769951966,1.0546937,1.0530136,2
1322,1.116651139796377,1.0758959,1.118913,0
1323,1.1106651545388961,1.0815814,1.1096673,2
1324,1.107636381560118,1.0758868,1.0652163,2
1325,1.1073365739642111,1.0715147,1.0460608,0
1326,1.1036339129897093,1.064835,1.0467095,1
1327,1.1114856575804022,1.0528132,1.032247,1
1328,1.1234439357631008,1.0647303,1.0471698,1
1329,1.1375938977900442,1.0832032,1.0787451,2
1330,1.1387454377059605,1.1021243,1.1738143,1
1331,1.1531715920704106,1.1102259,1.1596681,2
1332,1.1523196959201385,1.1234298,1.2972612,0
1333,1.126003528809701,1.1379431,1.242418,0
1334,1.1166067399338528,1.1137346,1.0935026,0
1335,1.1134081381859566,1.0859368,1.1031619,1
1336,1.1204452937925133,1.0641189,1.1343949,2
1337,1.1228378537545738,1.0708454,1.0584309,1
1338,1.128032254781616,1.0778517,1.078238,0
1339,1.1195726375444994,1.085339,1.1135535,0
1340,1.1089000324447638,1.0764796,1.0297719,2
1341,1.113327826922859,1.0689718,1.0022144,2
1342,1.1138300576757056,1.0762126,1.0648977,2
1343,1.117046360760906,1.0801947,1.0907004,1
1344,1.1228255175082178,1.081918,1.0900174,2
1345,1.1260989508890558,1.0848697,1.1385825,1
1346,1.1326124278680965,1.0831941,1.1168791,1
1347,1.138242969986246,1.0871338,1.1462914,2
1348,1.1377212858408747,1.094664,1.0697525,0
1349,1.133468997022874,1.0971459,1.051211,0
1350,1.1304001912042898,1.0924183,1.0637743,2
1351,1.1335856260340493,1.087676,1.0712072,1
1352,1.1424778039278127,1.0915352,1.063581,0
1353,1.1318375516120276,1.1062795,1.114725,2
1354,1.1288018838667457,1.0944096,1.114289,0
1355,1.1163905844461124,1.0858506,1.0667429,0
1356,1.1108004052746336,1.0633587,1.1040454,1
1357,1.1162341268912785,1.0605079,1.0943292,2
1358,1.1169277983010082,1.0769287,1.0620904,2
1359,1.118057450856156,1.0850143,1.0365435,2
1360,1.1196535981026805,1.0826777,1.0202485,1
1361,1.1239034769705478,1.0739053,1.0475063,2
1362,1.1251086273995365,1.0750303,1.0505995,0
1363,1.1169841148904562,1.0773964,1.0824462,2
1364,1.1195955742756327,1.0679679,1.035211,2
1365,1.121982004015496,1.0731483,1.0646467,2
1366,1.1230396475295958,1.0802555,1.0864717,2
1367,1.1231654657170773,1.0812818,1.1078477,1
1368,1.1276280172997544,1.0762115,1.0586265,2
1369,1.128007474855188,1.0803766,1.0717475,1
1370,1.1309488303265338,1.0802168,1.0632405,1
1371,1.1372423228982251,1.0911646,1.0749009,2
1372,1.1375824674200237,1.1028137,1.1212237,2
1373,1.1366174304805965,1.1063932,1.1179035,1
1374,1.140809042522767,1.1036322,1.09946,1
1375,1.1479019227794665,1.1073707,1.0962021,0
1376,1.1370228213583615,1.116628,1.1538798,2
1377,1.1337056222918236,1.1071467,1.1157522,2
1378,1.1339939408642499,1.0981069,1.0740104,2
1379,1.13323069399599,1.0961038,1.0799767,2
1380,1.1354781862451673,1.0876477,1.0816249,2
1381,1.133917761462797,1.0900333,1.0805793,0
1382,1.1063954740871502,1.0868233,1.0748875,0
1383,1.0997463998988417,1.0459855,1.0748045,2
1384,1.1036848441730687,1.0406963,1.0805323,1
1385,1.1067965798605746,1.0604881,1.0638577,2
1386,1.1015793146136186,1.0847999,1.0404238,0
1387,1.0912454277718158,1.0780984,1.0359057,1
1388,1.0986028257412195,1.0613533,1.022935,2
1389,1.1015418725671153,1.0712665,1.0248445,2
1390,1.1007487070684627,1.0733227,1.0533214,2
1391,1.1008758084268342,1.0642378,1.041147,0
1392,1.0946479851159603,1.0557165,1.0063215,0
1393,1.086178544067629,1.048413,1.0100412,2
1394,1.0886047668212657,1.0395148,1.0101265,0
1395,1.0744849067893885,1.0527118,1.0298254,2
1396,1.0729574326010134,1.0372393,0.99664164,1
1397,1.0768242924026092,1.0378196,0.99984175,2
1398,1.0762148046296107,1.0519949,0.9741418,2
1399,1.0775664626391623,1.0521307,0.98090726,1
1400,1.079950777675031,1.0503013,0.9884561,0
1401,1.0752686973669936,1.0470939,0.96673757,0
1402,1.0679672490338903,1.0382649,0.9517954,2
1403,1.065262433209481,1.0232431,0.9969857,0
1404,1.0640461611775698,1.0281901,0.9880167,1
1405,1.0666355800388934,1.0359302,0.97901475,1
1406,1.0720763360660306,1.0468162,0.99434227,0
1407,1.065164328832663,1.04998,0.9739525,2
1408,1.06110725657286,1.0345808,0.9459604,2
1409,1.0634881834976022,1.0250962,0.99469113,2
1410,1.0629763931277183,1.0287197,0.93511516,2
1411,1.0596706495689507,1.0349908,0.9467385,2
1412,1.0575546160913978,1.0284911,0.92427224,2
1413,1.0556405095466193,1.0223565,0.93996775,2
1414,1.0543909914636558,1.0219913,0.9498061,2
1415,1.0558843912230862,1.0202819,0.9821262,1
1416,1.0591981297709845,1.026731,0.959177,2
1417,1.0589794595494764,1.0335197,0.9483858,1
1418,1.07996348384209,1.0268902,0.925552,0
1419,1.0865243133208353,1.0444282,1.1419363,2
1420,1.0834721688953002,1.0469538,1.098783,0
1421,1.0779052456287066,1.0475595,1.1069081,1
1422,1.0840844903383173,1.0399045,1.0136406,1
1423,1.0975929391615906,1.0465621,1.0668635,0
1424,1.0946146614076044,1.0647866,1.1150159,1
1425,1.0967483848395405,1.0605867,1.0289804,2
1426,1.0970801960449834,1.064156,1.0541669,2
1427,1.0970898615665048,1.0630653,1.0575787,0
1428,1.0914348731176153,1.0622865,1.0311258,0
1429,1.083484089900604,1.0538054,0.9850591,0
1430,1.0830182040709357,1.0377324,0.99757636,2
1431,1.0878010524284019,1.0275605,0.9594941,2
1432,1.088376668669211,1.029928,0.97119886,1
1433,1.0917596496483573,1.02901,1.0707759,1
1434,1.0935773078295403,1.0389837,1.0764261,0
1435,1.0920978775363874,1.0449947,1.074682,1
1436,1.0950518679202883,1.041564,1.0076306,2
1437,1.0951658953047396,1.0472757,1.01647,2
1438,1.0957147558920255,1.0447423,1.0253849,2
1439,1.09645060514445,1.042065,1.0204172,0
1440,1.092910840144588,1.0442698,1.0213704,2
1441,1.093900518647074,1.0356028,1.044195,0
1442,1.0850353551250882,1.0369867,1.0373619,2
1443,1.0815173207887292,1.0241463,1.0193757,2
1444,1.0794313696348867,1.0264597,1.0290054,0
1445,1.0740494138229335,1.0302155,0.98756367,2
1446,1.0777830402671047,1.0281726,0.95164216,1
1447,1.0897717890923382,1.0391139,0.961606,2
1448,1.0938437471806652,1.0513451,0.99358886,2
1449,1.0926968674271642,1.0408956,0.994177,0
1450,1.083108473140348,1.035231,1.0249298,2
1451,1.0824747695146986,1.0199971,0.99863607,1
1452,1.0864686143368532,1.0178186,1.0307021,2
1453,1.0859356408350713,1.0266769,1.0161947,1
1454,1.0916970264548316,1.0313414,1.036214,2
1455,1.0908205519290357,1.0402273,1.0309646,2
1456,1.0914653205696068,1.0385857,1.0179132,2
1457,1.091553706756965,1.0354323,0.9948115,0
1458,1.0868811733832873,1.0395993,1.001261,2
1459,1.0863071128610238,1.0351784,1.0213376,0
1460,1.0811665682151768,1.0342181,1.0079477,2
1461,1.0797530516854899,1.032831,1.050142,1
1462,1.088015298288593,1.0364535,1.0424566,2
1463,1.089977278404979,1.0502919,1.0329365,1
1464,1.094631653838819,1.0543365,1.0355748,1
1465,1.0958088875673444,1.0505185,1.0329955,0
1466,1.0843438179255567,1.0502585,1.0329225,2
1467,1.0824073094526503,1.0377468,1.0139874,1
1468,1.090983322492918,1.0334519,1.062809,2
1469,1.096389170620112,1.0454901,1.0390294,1
1470,1.1107367504601542,1.0529405,1.0637565,1
1471,1.1242904155695426,1.0729786,1.1435002,0
1472,1.1189906024310705,1.0916578,1.1880271,2
1473,1.1152233168353918,1.0979952,1.1327615,1
1474,1.120484147816007,1.0959675,1.0841693,1
1475,1.1301629794345813,1.0963384,1.0996599,2
1476,1.1310313022700762,1.106886,1.1505011,1
1477,1.1331774959850016,1.1103133,1.1101758,0
1478,1.1261780939341872,1.1132021,1.1022264,2
1479,1.1198802204053506,1.1087152,1.072115,0
1480,1.1151087785080631,1.0950097,1.0591786,0
1481,1.1118781674496938,1.0792328,1.0362082,2
1482,1.108686080912266,1.0683368,1.0793269,2
1483,1.1096853493939356,1.0614301,1.0682133,2
1484,1.1105758962222334,1.0654517,1.0419611,2
1485,1.1071098728829867,1.0723013,1.0892179,0
1486,1.0973941684981818,1.0699202,1.1164553,2
1487,1.0974040340216635,1.0618403,1.0576828,2
1488,1.0979140307144046,1.0695456,1.0123789,2
1489,1.0988610084337362,1.0749428,1.0097852,0
1490,1.0894399684622056,1.0812079,1.0116637,2
1491,1.0868712944739085,1.0693148,1.0223067,0
1492,1.0855700632266647,1.0587441,1.0364292,2
1493,1.085379206015351,1.0601753,1.0065187,2
1494,1.086428149884782,1.066196,0.98372185,1
1495,1.092206823101409,1.0676578,0.96691304,1
1496,1.0982838584602714,1.0718093,0.9964792,2
1497,1.0980977463682473,1.0645636,1.0276508,2
1498,1.1000375855323399,1.0455142,1.0339454,2
1499,1.0984702437986997,1.040165,1.0153592,2
1500,1.0975820670773417,1.0421498,1.0419326,1
1501,1.1112996755722715,1.0425904,1.0313104,2
1502,1.1150022830980477,1.0696945,1.1508799,2
1503,1.1139329424176438,1.0781993,1.1245604,0
1504,1.1105244089874438,1.0783255,1.1096069,2
1505,1.1125393604188252,1.070436,1.0585623,1
1506,1.1227304486615712,1.0725257,1.0928204,1
1507,1.1322417860900509,1.0879766,1.1049465,0
1508,1.130229431823259,1.1016864,1.1653311,2
1509,1.125683743243687,1.1047629,1.0898954,0
1510,1.1233811345551628,1.1000128,1.0986832,2
1511,1.122880609456297,1.0922765,1.0783101,0
1512,1.118089436079832,1.0860709,1.0620897,2
1513,1.1168278971810806,1.0746031,1.0465102,2
1514,1.113846845319549,1.0679898,1.0249424,2
1515,1.1139257957831932,1.059386,1.0180063,1
1516,1.118127826200279,1.0503055,1.0889589,1
1517,1.1271624185161764,1.0598503,1.0895591,1
1518,1.1329560636626275,1.0792115,1.0825508,1
1519,1.1379188364963864,1.0931574,1.1036667,2
1520,1.1381798790321895,1.1030208,1.1328073,2
1521,1.1363465542247067,1.1080106,1.147485,2
1522,1.1382107559483268,1.1085795,1.1404995,2
1523,1.1393461888746144,1.104118,1.1008115,2
1524,1.1410948943838441,1.1027862,1.0949911,0
1525,1.139862262563972,1.1038382,1.1057473,2
1526,1.1436782395221887,1.101863,1.1104218,2
1527,1.1425550942501361,1.1058656,1.0757548,2
1528,1.1441377696698178,1.1067964,1.0381323,2
1529,1.1398871416533638,1.1061885,1.0695344,0
1530,1.129186077482028,1.1022002,1.070302,2
1531,1.128316239763606,1.0800501,1.0770538,2
1532,1.129356631297484,1.0686044,1.0957311,2
1533,1.1305033572877676,1.0803455,1.0763059,2
1534,1.135161125859066,1.0845331,1.0489477,1
1535,1.1377211433677428,1.0844995,1.074829,0
1536,1.133029193037075,1.085167,1.0985315,2
1537,1.1291433909182367,1.0788078,1.0559253,0
1538,1.1233237574964037,1.0803784,1.078527,2
1539,1.1231023297042975,1.077663,1.0813903,1
1540,1.1294867210537025,1.0828543,1.071264,1
1541,1.1337393777888949,1.090897,1.0630407,1
1542,1.1377471540212605,1.0932001,1.1072932,1
1543,1.140993228846398,1.0909693,1.0967184,1
1544,1.1486748735239167,1.0954752,1.0748974,2
1545,1.1492372672495308,1.1081458,1.1164839,1
1546,1.1541375701535836,1.1147867,1.1015387,2
1547,1.1518723640123325,1.1185154,1.1623315,2
1548,1.1507941143060114,1.1218677,1.207084,0
1549,1.1431888698737884,1.1225315,1.1560882,2
1550,1.1418099692032884,1.1110644,1.1314417,2
1551,1.1391431668661858,1.1041449,1.1277869,2
1552,1.138741537313196,1.093086,1.0584836,2
1553,1.1378193931384617,1.088237,1.0825957,1
1554,1.1401601786075168,1.0863194,1.0959547,0
1555,1.1351909151517736,1.0922732,1.0972064,0
1556,1.1288592672468056,1.0867033,1.0651128,2
1557,1.1263385221767837,1.0813396,1.0561895,2
1558,1.128088417691275,1.0803312,1.0670034,2
1559,1.1282017387568108,1.0876226,1.0392575,0
1560,1.1198774548600126,1.0935014,1.0399419,2
1561,1.11818323264775,1.0852667,1.002799,2
1562,1.1200908817317092,1.0879191,0.99503744,2
1563,1.1198594209423773,1.0910007,1.0086995,2
1564,1.1189803855605667,1.0850441,1.0342745,0
1565,1.1113203747244533,1.0808318,1.0114088,2
1566,1.1143754409940911,1.0741798,1.0108007,1
1567,1.118094117364587,1.0824316,1.0156738,0
1568,1.1091846668749044,1.0895566,1.012277,2
1569,1.108367557674313,1.0810927,0.99485695,1
1570,1.1126808053761048,1.0745703,1.0639551,2
1571,1.114603050499431,1.0760454,1.0162123,1
1572,1.1186306947170241,1.0797299,1.0384939,0
1573,1.115301420367659,1.0758917,1.0279075,1
1574,1.1318219022110572,1.0693576,1.0115353,2
1575,1.1365331108150882,1.0842566,1.1038527,2
1576,1.1374392571702778,1.0906236,1.0972283,2
1577,1.1360570053996042,1.0939897,1.1105438,1
1578,1.138292558412895,1.0962243,1.0958486,0
1579,1.1300390926868191,1.1011982,1.1761231,0
1580,1.1231172623119834,1.0904418,1.0835793,2
1581,1.1211171341287547,1.0742507,1.0802524,1
1582,1.1278584085673025,1.0643185,1.0623071,0
1583,1.1210863060272227,1.071728,1.0713066,1
1584,1.1261766897846588,1.0614659,1.0471693,2
1585,1.128032353255262,1.0688953,1.0666518,2
1586,1.1300174931494138,1.072957,1.0486025,1
1587,1.130409025423321,1.0778388,1.0449015,2
1588,1.1338673104216888,1.087673,1.0372698,0
1589,1.1261545962101582,1.0854263,1.0733889,1
1590,1.1339511325560885,1.0716805,1.0522994,2
1591,1.1350798285842325,1.0819241,1.0589113,0
1592,1.1129959894599448,1.0875889,1.1013496,0
1593,1.108884347153328,1.0450336,1.0549741,2
1594,1.1063609742751783,1.0222096,1.009036,1
1595,1.1124355122920697,1.0379632,1.0949348,1
1596,1.114195952677523,1.0660491,1.076396,2
1597,1.112953824692648,1.0694424,1.0296692,1
1598,1.1132785242567853,1.0656252,1.0134368,2
1599,1.1136500265403109,1.0620923,1.0335083,2
1600,1.1153861014476492,1.0534655,1.0304658,0
1601,1.1078465270256532,1.05399,1.0312759,1
1602,1.1090739453433096,1.0454689,1.0269277,0
1603,1.1067478882415378,1.0500517,1.0404668,2
1604,1.104434162716844,1.0524372,1.0153165,2
1605,1.105754231662559,1.0541296,1.0157362,2
1606,1.1077350152594203,1.0469636,1.0182743,2
1607,1.1077693190127726,1.0487533,0.9993248,1
1608,1.1124058854305339,1.0534084,1.0313021,2
1609,1.1113688167831421,1.0575569,1.0365955,0
1610,1.1055259286832189,1.0620755,1.0539725,2
1611,1.10566781645121,1.053731,1.0477288,2
1612,1.1093382127244718,1.0543042,1.058697,0
1613,1.1050902456313332,1.0573462,1.0271922,2
1614,1.1110855161248727,1.0585397,1.0537709,2
1615,1.1153560547615224,1.0724478,1.1934265,0
1616,1.1099185366325064,1.0950323,1.540189,2
1617,1.1010877837700226,1.1138748,1.4347169,2
1618,1.1079297981943044,1.1028858,1.179059,2
1619,1.1076688399042287,1.1029193,1.4932841,1
1620,1.114505804345194,1.1114378,1.3334066,2
1621,1.1195560968900282,1.1073455,1.3373497,1
1622,1.124728626304366,1.1041417,1.4954052,2
1623,1.1152085461416263,1.1005744,1.397373,2
1624,1.1231998335848563,1.100551,1.2346742,1
1625,1.1274546827907477,1.0925628,1.3987837,0
1626,1.1189242535543817,1.0997294,1.4273955,2
1627,1.1179354182889243,1.0973936,1.4010154,0
1628,1.1133343698397107,1.0957191,1.4430279,2
1629,1.106215458815979,1.0923047,1.4180932,2
1630,1.1146032897595426,1.0816832,1.1332512,1
1631,1.117823758809848,1.0790216,1.3813783,1
1632,1.1228111967184777,1.0865754,1.2360244,0
1633,1.1186220799306004,1.0911605,1.2363377,2
1634,1.119667157124094,1.0929924,1.2049233,2
1635,1.1159462506389939,1.0922928,1.2461829,2
1636,1.123898610413647,1.0893612,1.0732313,1
1637,1.1331591069080018,1.0872583,1.3300335,2
1638,1.1381336240017792,1.1013372,1.3595508,1
1639,1.1423429140039747,1.1109427,1.3075235,2
1640,1.1383199573632556,1.119729,1.3541288,2
1641,1.1315644169332715,1.1224992,1.2988709,2
1642,1.1396800197600006,1.1176225,1.1345607,2
1643,1.1369769210106027,1.1082394,1.5999978,0
1644,1.1344146548251792,1.1142421,1.4526169,2
1645,1.1324014536769509,1.1105566,1.4409862,0
1646,1.12381269736882,1.1126513,1.2618225,2
1647,1.1186254436610348,1.1018171,1.4154463,2
1648,1.1227299299693858,1.0937072,1.0787604,0
1649,1.1214638876136045,1.0949807,1.4005047,2
1650,1.1225680037641306,1.1149951,1.427594,1
1651,1.126330145802749,1.1263664,1.5413555,0
1652,1.1228269246458626,1.138208,1.5596675,2
1653,1.1131217701691918,1.1399927,1.5329487,2
1654,1.120294369091267,1.1204059,1.2128966,1
1655,1.1315113766235254,1.1098957,1.39395,2
1656,1.1267334008074483,1.0667449,1.1637659,1
1657,1.1285958035981252,1.0674676,1.1354548,0
1658,1.1255840678144382,1.0653576,1.1359487,2
1659,1.122238916786284,1.0624967,1.1456759,2
1660,1.1263989065800608,1.0670464,1.1035695,2
1661,1.1249350873473638,1.0577936,1.1861658,2
1662,1.1266085034145006,1.0598024,1.1711136,2
1663,1.1265328357644844,1.0608478,1.1608585,0
1664,1.1182816858840627,1.0602441,1.1475587,2
1665,1.1167705422402427,1.0580794,1.1197736,2
1666,1.1202024365121683,1.0651101,1.1153318,2
1667,1.12038665351861,1.0605466,1.1137089,1
1668,1.1243609768957123,1.0689623,1.1127821,2
1669,1.1266309851578848,1.0669608,1.1565354,2
1670,1.127737564187565,1.0652728,1.185476,2
1671,1.1265977067539352,1.066989,1.1781405,2
1672,1.130801447237667,1.0699221,1.0679624,0
1673,1.1287587781710409,1.0579183,1.1239759,2
1674,1.1273067877948402,1.0592542,1.1417233,2
1675,1.1284689207555398,1.0576525,1.129969,2
1676,1.1289215658736524,1.0589776,1.1588485,2
1677,1.123235873157384,1.0602151,1.144811,2
1678,1.1239323155439631,1.0640749,1.0567216,2
1679,1.1233641610767273,1.0541615,1.1264166,2
1680,1.1215283880036946,1.0559162,1.1285208,0
1681,1.116891063303018,1.05672,1.1191883,1
1682,1.1202346699008578,1.0549762,1.0769908,2
1683,1.1160756338040294,1.058968,1.1045392,0
1684,1.113985095735613,1.0596626,1.0261791,0
1685,1.1046286549927167,1.0521809,1.0955645,0
1686,1.1012654314206642,1.0455859,1.0384986,1
1687,1.1035776413621288,1.0426065,1.0261247,0
1688,1.0973701059739076,1.0495423,1.050556,2
1689,1.094355921618695,1.0443856,1.0554175,1
1690,1.100699006802377,1.0484152,1.0672294,0
1691,1.0975284592029346,1.0460254,1.1029301,2
1692,1.0975480145044838,1.0495373,1.0504624,0
1693,1.0915614870741113,1.0501412,1.0770257,0
1694,1.087880176865665,1.0438083,1.0455673,2
1695,1.085369543996011,1.0365678,1.0298505,2
1696,1.0875380257333889,1.0363735,1.0731343,2
1697,1.088840729797224,1.0344158,1.0780767,2
1698,1.0891677611198747,1.0389246,1.0648419,2
1699,1.0897240256501175,1.0393164,1.085747,1
1700,1.0968890787714054,1.0375605,1.0691565,2
1701,1.0956233233914778,1.0398781,1.0527921,2
1702,1.0966916852266244,1.0360751,1.0368657,1
1703,1.1044640329013744,1.0309551,1.028533,1
1704,1.1097302918758367,1.0357653,1.0192446,2
1705,1.1119508531764228,1.0407652,1.0447533,1
1706,1.1148845343927372,1.0452179,1.0468395,0
1707,1.1143102066169406,1.0479152,1.0373154,0
1708,1.1049508326807904,1.0424721,1.0212297,0
1709,1.1006244249848056,1.0354983,1.065837,0
1710,1.0887374766026412,1.031061,1.0616133,0
1711,1.0873029844648325,1.0264645,1.1247084,0
1712,1.0844969294628461,1.0290962,1.0736926,2
1713,1.0829794233672765,1.028506,1.036368,0
1714,1.0746907811795374,1.0305418,1.0396116,2
1715,1.07034680850246,1.0174606,1.012424,2
1716,1.0678946046301303,1.0127387,1.0190718,0
1717,1.0578194559887488,1.009312,1.0459898,0
1718,1.054425651890096,0.9950589,1.0376395,2
1719,1.0548016587895466,0.9887618,1.0355996,1
1720,1.0602326765866716,0.99174476,1.0593294,2
1721,1.0602044439818914,1.0050031,1.0831393,0
1722,1.0520532940542078,1.0084395,1.0522548,2
1723,1.054390364894216,0.9967302,1.0363424,1
1724,1.0593754261504058,1.0006211,1.0812734,2
1725,1.0616806745321785,1.0073203,1.07566,2
1726,1.0649684380758562,1.0132293,1.0692765,1
1727,1.0675535662900966,1.0130111,1.0443746,0
1728,1.0635374606142152,1.0122383,1.0383857,1
1729,1.0706421442273815,1.0067284,1.03724,2
1730,1.0712606951021042,1.0128385,1.0254066,0
1731,1.0646892838300563,1.0104457,1.0365458,1
1732,1.076894351600025,0.99946797,1.0238003,0
1733,1.0777045791022506,1.012524,1.0627129,1
1734,1.0796859392284222,1.013024,1.0722097,0
1735,1.0633659849793933,1.019249,1.0465289,0
1736,1.0553959859746898,1.0034289,1.0682998,2
1737,1.0569317492375567,0.9957298,1.0445175,1
1738,1.0638602170091678,0.9976281,1.0500094,2
1739,1.0641180595647535,1.0130336,1.0361013,0
1740,1.050471985892461,1.0146549,1.0468256,0
1741,1.0408820927036428,0.9998318,1.0327774,1
1742,1.0440794135022962,0.9797698,0.9973103,2
1743,1.0444695077337387,0.98421156,1.0064361,0
1744,1.0394010886750786,0.9902226,1.0168805,2
1745,1.0376968587681537,0.9849906,0.99529207,1
1746,1.0418879642803296,0.9849956,1.019135,2
1747,1.0447010184609546,0.9943894,1.0559465,2
1748,1.0461869146846434,1.0003906,1.0645254,2
1749,1.0467127042482787,1.0029632,1.0636067,2
1750,1.047792870134599,0.9984659,1.049091,2
1751,1.0486035405840475,0.99624395,1.0576159,0
1752,1.0450303542423103,0.99662066,1.051028,1
1753,1.0548431959000966,0.99184906,1.0313526,0
1754,1.054686902743798,1.0058794,1.0471164,2
1755,1.054484440209681,1.0005174,1.0722684,0
1756,1.048275361332356,1.0016304,1.077312,0
1757,1.0439121985456736,0.9909687,1.0424964,1
1758,1.0520618661697665,0.98554873,1.0294034,1
1759,1.0612504255912727,0.99623334,1.0252721,0
1760,1.056845076800242,1.0042732,1.0526944,2
1761,1.0550600089673556,0.9997214,1.056098,1
1762,1.0588652770987794,0.99705637,1.0404528,0
1763,1.0578917330787525,0.99680173,1.0118874,1
1764,1.0619806054079322,0.99578094,1.0341551,2
1765,1.0650435645883352,0.99838877,1.0254519,2
1766,1.0662096863008077,0.99984694,1.042245,2
1767,1.0665756914765836,1.0032338,1.0356774,2
1768,1.0637162320561155,1.0018291,1.0081073,1
1769,1.0708237915827226,0.9958837,1.0099442,0
1770,1.0656480392021244,1.0040821,1.0400891,1
1771,1.0691783440873677,0.9985099,1.0261742,1
1772,1.0729604107545008,1.002285,1.0348448,2
1773,1.0738818851308314,1.0061008,1.0324476,1
1774,1.078766677414556,1.0084323,1.0214083,0
1775,1.0758184930227794,1.0112951,1.0660965,2
1776,1.076251490746098,1.009458,1.0369112,0
1777,1.0703266536982419,1.0110347,1.0212837,2
1778,1.0722319748618192,1.0026329,1.0246019,2
1779,1.0729861479240084,1.0056909,1.0489244,2
1780,1.0742775631308783,1.0105985,1.0401359,1
1781,1.0824779204583512,1.0089685,1.0269122,0
1782,1.078822220154912,1.0171515,1.0545113,2
1783,1.0771643298615876,1.012604,1.0453067,2
1784,1.0794637111204408,1.0152304,1.063721,2
1785,1.0771939081087043,1.0140675,1.0316944,0
1786,1.0753128842306767,1.014926,1.0330493,0
1787,1.0691941201873583,1.0104287,1.0575258,2
1788,1.069932560452846,1.0041395,1.0428748,0
1789,1.0660236593544208,1.0089533,1.0287019,2
1790,1.0634511766784482,1.0100462,1.014785,2
1791,1.0613193283265314,1.0121261,1.0239241,2
1792,1.0575941691234108,1.011336,1.0411448,2
1793,1.0575583877678216,1.0113546,1.0393564,2
1794,1.061748747219965,1.0111228,1.038486,1
1795,1.0666940122562836,1.0123358,1.0478113,0
1796,1.0616619485087655,1.0162019,1.0361117,2
1797,1.0613629781824498,1.0072603,1.0436673,2
1798,1.0600519715876084,1.0064965,1.037964,0
1799,1.053787405194895,1.0023196,1.0299697,2
1800,1.0563816511791937,0.9973247,1.0314866,1
1801,1.0596207807034492,1.0000648,1.0278838,2
1802,1.057876137661755,1.0038328,1.0042655,2
1803,1.057773040759671,1.0039376,1.0240939,1
1804,1.0599533580338405,1.0022572,1.0358138,2
1805,1.0579363348884592,1.0024647,1.0144379,0
1806,1.053992605493009,1.0018109,1.0250655,0
1807,1.0520568457545312,0.99790657,1.0360527,1
1808,1.0614988690881613,0.9974743,1.0346632,2
1809,1.0634367209503024,1.0085167,0.99827135,0
1810,1.059318077935608,1.0067091,0.99976677,2
1811,1.0560108589595083,0.99809754,1.0275447,2
1812,1.0535506830683297,0.9908438,1.0254707,1
1813,1.0579205618299248,0.98876584,1.0247393,1
1814,1.0671703992695922,0.9966841,1.0153413,2
1815,1.0687277052072082,1.0065992,1.0437219,0
1816,1.065096238568038,1.0080761,1.0393467,0
1817,1.0617240061929045,1.0003396,1.0560089,1
1818,1.0742439533903059,0.99695635,1.0493228,1
1819,1.0786568516731294,1.0093702,1.03728,0
1820,1.0755148669622774,1.0126628,1.0548887,2
1821,1.0746310093385145,1.0109314,1.0490034,2
1822,1.0749965071128378,1.008186,1.0339127,1
1823,1.082798625073958,1.0074241,1.0179021,2
1824,1.0803969274431982,1.0154558,1.054472,2
1825,1.079222160998679,1.0124472,1.0441642,2
1826,1.0802206093262514,1.0111592,1.0408621,1
1827,1.0837062659328736,1.0107081,1.0375322,2
1828,1.087455410016303,1.0172603,1.0474994,0
1829,1.0818334591798187,1.0206208,1.0787874,0
1830,1.0744954396451716,1.0175792,1.0468826,0
1831,1.0683334467103875,1.0095805,1.0633013,0
1832,1.065542035566936,1.0022271,1.0426769,2
1833,1.0679343207912284,1.0048516,1.0834498,2
1834,1.069251119790506,1.0169483,1.0496547,2
1835,1.0702303810497515,1.0217712,1.0556405,2
1836,1.0697513516430743,1.0252466,1.0709194,2
1837,1.065235758489104,1.0227621,1.0955167,0
1838,1.0585358549905544,1.0198328,1.090152,2
1839,1.0576248909125965,1.0107917,1.0628213,2
1840,1.061132126068372,1.0093588,1.0686266,2
1841,1.0637495500782872,1.0135846,1.086582,1
1842,1.0688171296378413,1.017986,1.0918139,0
1843,1.0640888850237602,1.0225345,1.0869087,2
1844,1.0614902992990844,1.0157809,1.0814608,2
1845,1.061684040983702,1.0126832,1.0776948,1
1846,1.0649092726422849,1.0082741,1.0578815,1
1847,1.0728127229489084,1.0075585,1.0249584,2
1848,1.0726079250986251,1.0100634,1.0533183,2
1849,1.071960749535869,1.0052437,1.042726,2
1850,1.0739096286900796,1.0061736,1.0742271,1
1851,1.0755184514480507,1.008671,1.0284355,2
1852,1.0878509684235271,1.0273174,1.1147594,1
1853,1.0909956990323972,1.0286682,1.0837703,2
1854,1.0899251445531963,1.0331235,1.0747396,0
1855,1.0863673542001955,1.0298462,1.069213,1
1856,1.0908190294539082,1.0231156,1.0608158,2
1857,1.0917488185351445,1.0262057,1.063677,2
1858,1.0930539851903933,1.0247343,1.0507156,2
1859,1.0955258326499213,1.0242358,1.0666168,0
1860,1.0926390052121786,1.0248367,1.0618174,1
1861,1.1004796964371675,1.0206413,1.0497282,2
1862,1.1015556740678631,1.0305222,1.0663558,0
1863,1.096469480624229,1.0313612,1.066337,0
1864,1.0922869867493727,1.0307337,1.0712281,0
1865,1.0885491131102183,1.0269165,1.1202863,2
1866,1.0872265936016174,1.0267265,1.0854809,2
1867,1.0873873130262175,1.0307828,1.100863,1
1868,1.0923160820879516,1.0376731,1.0571055,2
1869,1.0930971567351038,1.0407971,1.0469874,1
1870,1.0974927625701034,1.0380528,1.0713047,1
1871,1.108860701215365,1.0369488,1.0577049,1
1872,1.1141994853420258,1.0414883,1.1172435,0
1873,1.1101457233981802,1.0492404,1.1146464,1
1874,1.118074152673302,1.048438,1.0968611,2
1875,1.1209792595450643,1.0552051,1.0822449,1
1876,1.12351546250099,1.0567948,1.0615599,0
1877,1.1195695840138495,1.0577968,1.0839034,1
1878,1.1239644780005411,1.0526849,1.0779978,2
1879,1.121642729533894,1.0546572,1.0672733,2
1880,1.118543170667474,1.0526088,1.0827689,2
1881,1.1170211990944854,1.047779,1.0673127,0
1882,1.1121249459272426,1.0454508,1.0682379,1
1883,1.1162877684143309,1.0400164,1.0875362,1
1884,1.122821251447647,1.0455973,1.0901886,2
1885,1.1206446814301152,1.0516186,1.0788157,1
1886,1.1262901506223106,1.0522168,1.0925925,2
1887,1.125066296241185,1.0587296,1.052149,2
1888,1.1246150024972363,1.0549592,1.0514121,2
1889,1.124380522125249,1.054097,1.0533471,2
1890,1.1232287895607374,1.0525414,1.0411727,0
1891,1.1184698593252542,1.0489323,1.0176396,2
1892,1.120153906126156,1.0451648,1.110455,2
1893,1.1200517828709902,1.0504191,1.0665841,2
1894,1.121239986177622,1.0537041,1.0585132,2
1895,1.1225695822556332,1.0556732,1.0777954,2
1896,1.1219820936739522,1.0557972,1.0716484,0
1897,1.1170962443075643,1.0550853,1.0902754,1
1898,1.1221481295034954,1.0547497,1.1199349,2
1899,1.1224853247722788,1.0619341,1.0779967,0
1900,1.1169638274828513,1.0618396,1.0640966,2
1901,1.117368116427398,1.061299,1.1152254,1
1902,1.1196933212411548,1.0608945,1.1076295,2
1903,1.119029394492692,1.0626471,1.1030746,1
1904,1.1220583669750157,1.0656118,1.1233785,2
1905,1.1222409649069596,1.0658969,1.1099733,2
1906,1.1212644474366265,1.0623089,1.1150186,1
1907,1.1337366633643404,1.0612756,1.1145465,1
1908,1.1411419216789378,1.0680422,1.1229507,1
1909,1.1456917310853434,1.0702932,1.1496956,2
1910,1.142793435039565,1.0808872,1.1332318,2
1911,1.1416126374805755,1.0799503,1.0878242,0
1912,1.1373956573077482,1.0772296,1.0653698,2
1913,1.1348676278902559,1.0693265,1.0775468,2
1914,1.1355940066139953,1.064207,1.0656571,1
1915,1.1411249211550403,1.0608068,1.1057132,2
1916,1.1399541576830114,1.06754,1.0943272,2
1917,1.13969933126866,1.0659299,1.0844543,2
1918,1.1391168232289108,1.0663033,1.056176,1
1919,1.144437121637532,1.0639454,1.0620021,0
1920,1.1387031529754175,1.0707103,1.0714523,2
1921,1.1379218002723415,1.0657668,1.0985043,1
1922,1.1449975142473932,1.0676922,1.1145344,2
1923,1.1458127092051473,1.0739722,1.0694559,2
1924,1.1483351738785101,1.0748568,1.0598736,1
1925,1.1536604198177391,1.0746092,1.0763371,2
1926,1.152644299550762,1.079674,1.1260478,1
1927,1.162240377169669,1.0821686,1.1083236,1
1928,1.1667330334559483,1.0933444,1.1356046,2
1929,1.1683763121429882,1.1007206,1.1353488,0
1930,1.1652466112615072,1.105831,1.1025709,2
1931,1.1662119738550047,1.0986599,1.1157749,1
1932,1.175086930582259,1.0967048,1.1282254,0
1933,1.1717677480306836,1.1038998,1.1464857,1
1934,1.1755254691127566,1.1021643,1.1463134,2
1935,1.1769926598879292,1.1065699,1.1346229,1
1936,1.1822848579671277,1.1064417,1.1315346,2
1937,1.1837048173519942,1.1125407,1.1453025,1
1938,1.186078353218825,1.11499,1.1572847,1
1939,1.1885308605376312,1.1175268,1.1672614,0
1940,1.1780403424118027,1.1230202,1.1545844,2
1941,1.1794165006219235,1.109859,1.1309783,2
1942,1.181004256963384,1.1097382,1.1635634,0
1943,1.1770932400413263,1.1087413,1.1635702,2
1944,1.18005024792427,1.1065247,1.1482856,2
1945,1.1804908985115907,1.107145,1.1585454,1
1946,1.1858998156904912,1.106753,1.1314452,2
1947,1.1850260139081934,1.112518,1.1503721,0
1948,1.1806733191272114,1.1136354,1.1575282,0
1949,1.1776102292249186,1.1112119,1.160228,1
1950,1.1794538148414901,1.1101043,1.1555513,0
1951,1.1761968239217615,1.1117551,1.1204923,1
1952,1.1786119370410515,1.1087142,1.1173173,2
1953,1.1782016184354038,1.1122838,1.1310544,1
1954,1.1830509497723414,1.1093988,1.1301854,0
1955,1.1791422704145196,1.1091598,1.1038843,1
1956,1.1820257333169406,1.1042199,1.1240393,2
1957,1.1808786507147482,1.1075423,1.0867873,1
1958,1.190583252762087,1.1034061,1.1158857,2
1959,1.1944788620432532,1.1177857,1.1315517,2
1960,1.1983048658349782,1.1262103,1.1409597,2
1961,1.1965440216685579,1.1292716,1.1181697,0
1962,1.1906384941512513,1.1308036,1.1685717,2
1963,1.1915212123980146,1.1229714,1.1582632,0
1964,1.1885248051361326,1.1217135,1.1732404,2
1965,1.1898158564458234,1.1180689,1.1669328,2
1966,1.193649645291193,1.1195924,1.1799754,1
1967,1.1964759724966605,1.1201639,1.186372,2
1968,1.1983222978926205,1.1224065,1.176329,1
1969,1.2069280876717352,1.1245564,1.1729904,2
1970,1.2067159710168354,1.1316999,1.1829163,2
1971,1.2044647885344835,1.1359648,1.1878928,0
1972,1.1978670686408925,1.1362474,1.1671937,2
1973,1.1992740589935873,1.1277837,1.1745431,0
1974,1.1917286584304543,1.1273751,1.1596724,1
1975,1.196793406717494,1.1222532,1.1567713,2
1976,1.1972471629453123,1.1255639,1.1531698,2
1977,1.197932371481854,1.1247257,1.1566406,2
1978,1.199043663773387,1.1264434,1.1585734,1
1979,1.2002517046344865,1.1256089,1.1739492,0
1980,1.1899197255563716,1.12706,1.1596481,1
1981,1.19709430131008,1.1217505,1.168461,2
1982,1.1960911612654848,1.1269972,1.1787529,2
1983,1.1975055071522869,1.1266693,1.159602,0
1984,1.1871434975641444,1.1280918,1.158404,0
1985,1.1801745669342458,1.1197062,1.1579157,0
1986,1.1777218436735788,1.1114868,1.1056937,1
1987,1.1807922194836662,1.1081401,1.1124951,1
1988,1.1835549037631632,1.1122965,1.1173644,2
1989,1.1821971619378722,1.113543,1.1405008,0
1990,1.1734523207174739,1.113813,1.1580478,2
1991,1.1756803317826234,1.1073002,1.1517453,2
1992,1.1756499254762918,1.109924,1.1490405,0
1993,1.1718052990561114,1.1116654,1.1467472,2
1994,1.1747062867553073,1.111349,1.1493642,2
1995,1.1754397621725163,1.10944,1.1641173,2
1996,1.177272594675427,1.1112138,1.168229,1
1997,1.184415905442,1.1110564,1.1539049,1
1998,1.1880184345203306,1.1133996,1.1395383,0
1999,1.1839747695465033,1.113762,1.100061,2
2000,1.1822719839299132,1.1104044,1.1281472,2
2001,1.1815667124042157,1.109849,1.1229904,2
2002,1.1786401187791027,1.1070843,1.1026258,2
2003,1.1768922835681084,1.1054548,1.1268975,2
2004,1.1800945343511509,1.1033167,1.1149065,1
2005,1.1836297610258881,1.1040064,1.1196775,0
2006,1.1765408073993038,1.1081514,1.0902711,2
2007,1.175737247754455,1.10299,1.1320504,2
2008,1.1745350607227505,1.1018922,1.1284295,2
2009,1.1750911452952486,1.1028126,1.1631174,1
2010,1.1808795976250437,1.109597,1.1435139,0
2011,1.1646373126973824,1.1133627,1.1140424,2
2012,1.1619770949048949,1.0982502,1.1160148,2
2013,1.1627176389065652,1.0944151,1.1062409,1
2014,1.1690251320650773,1.0929712,1.0981052,2
2015,1.1677323626573182,1.1015104,1.1045989,2
2016,1.1648737908341003,1.1012138,1.1303455,1
2017,1.166882738752378,1.0982223,1.1332517,0
2018,1.1630637227697294,1.1009276,1.1391741,2
2019,1.161880210778518,1.0994936,1.139899,2
2020,1.1613933728232764,1.1026324,1.160983,2
2021,1.1592336589966763,1.0989392,1.143715,2
2022,1.1600840171515236,1.0983018,1.133502,1
2023,1.1655574435216662,1.0982352,1.1587555,2
2024,1.1666861340097272,1.1009817,1.1536472,2
2025,1.1669642212228435,1.1029907,1.1560688,2
2026,1.1678199433753171,1.098368,1.0742738,1
2027,1.1776202430685248,1.0919617,1.0920774,2
2028,1.1757545905309992,1.1023982,1.1453513,2
2029,1.1764069766639977,1.1076579,1.1668122,2
2030,1.175787778907826,1.1112483,1.1423268,0
2031,1.1722866583935143,1.1106505,1.1323317,2
2032,1.1743638923636546,1.1054262,1.1254607,2
2033,1.176940106649091,1.1041468,1.15541,1
2034,1.1834531402180708,1.10358,1.1357392,1
2035,1.1873708369183873,1.108508,1.128415,1
2036,1.19370267044955,1.1138449,1.1286564,2
2037,1.1923501746765242,1.1212109,1.1541996,2
2038,1.1882850175370527,1.1272094,1.1171436,0
2039,1.1850671168342721,1.1234025,1.1252981,2
2040,1.186925919391109,1.1168665,1.1345813,1
2041,1.1899562708499138,1.1140274,1.1394306,2
2042,1.1902470438703028,1.1182134,1.1217448,0
2043,1.1880915058610193,1.1172029,1.1294886,2
2044,1.186114769444983,1.1147274,1.1363232,0
2045,1.181597662160932,1.1130967,1.1370262,2
2046,1.1781750340669483,1.1098511,1.1452998,2
2047,1.1742332004448137,1.1090177,1.1527957,2
2048,1.174470703959161,1.1068792,1.1456494,2
2049,1.1752136552042483,1.1090562,1.1323501,2
2050,1.1757481986451852,1.111544,1.1393071,0
2051,1.1729445840804498,1.1137229,1.1432052,1
2052,1.1794548502161217,1.1109942,1.1467745,0
2053,1.1745165025744952,1.1146818,1.1226618,2
2054,1.1716793339248317,1.1085225,1.1573976,2
2055,1.1708654619203163,1.109568,1.1775818,1
2056,1.1755518090304888,1.1086386,1.1725372,1
2057,1.182807285855143,1.1116831,1.1290405,1
2058,1.186148903689461,1.1132764,1.1043653,2
2059,1.1852668334775172,1.113644,1.1107936,2
2060,1.1854484970750025,1.1125782,1.1377492,2
2061,1.1848590521103737,1.1138678,1.1126453,2
2062,1.186111797937549,1.1123338,1.1228908,2
2063,1.185550603343,1.1143293,1.0965393,1
2064,1.1907891671956945,1.1113588,1.1111518,1
2065,1.1954378354749973,1.1162769,1.0853875,1
2066,1.2017203505404561,1.1200279,1.1384461,2
2067,1.202334120150884,1.1299561,1.1537595,1
2068,1.206246198490763,1.1345357,1.14356,0
2069,1.2023336282160872,1.1372457,1.1534529,1
