DateTime,forecast,actual,f_momentum,a_momentum,label
2018-05-24,0.3280262,0.2825422509888522,-0.002801480000000023,-0.013776519237684859,sell
2018-05-25,0.32299340000000004,0.2916666666666661,-0.01024585999999994,-0.007528766630708894,hold
2018-05-27,0.3109456,0.27766540812657325,-0.017080599999999998,-0.004876842862278964,buy
2018-05-28,0.30542365,0.2577535059331173,-0.01756975000000005,-0.033913160733548775,sell
2018-05-29,0.29662946,0.2863178712693273,-0.014316139999999975,0.00865246314275403,hold
2018-05-30,0.2884088,0.2925206760158217,-0.017014850000000026,0.03476717008270441,hold
2018-05-31,0.29399553,0.28492448759438993,-0.0026339300000000065,-0.0013933836749373538,buy
2018-06-01,0.30238143,0.2869021934555911,0.013972630000000041,-0.005618482560230621,sell
2018-06-03,0.30260804,0.2942736425746131,0.00861251000000002,0.009349154980223151,hold
2018-06-04,0.304491,0.3001393383674933,0.002109570000000005,0.0132371449119022,hold
2018-06-05,0.30852863,0.31254494786048115,0.005920590000000003,0.01827130528586807,hold
2018-06-06,0.30865154,0.3151968716289102,0.0041605399999999895,0.0150575332614169,buy
2018-06-07,0.31514353,0.30924128011506635,0.006614899999999979,-0.003303667745414796,hold
2018-06-08,0.32054612,0.3132641136281911,0.011894579999999988,-0.0019327580007190703,hold
2018-06-10,0.3232027,0.31056724199928004,0.008059170000000004,0.0013259618842136887,hold
2018-06-11,0.32432792,0.3049487594390503,0.0037818000000000023,-0.008315354189140811,sell
2018-06-12,0.32545742,0.31746673858324304,0.002254719999999988,0.006899496583962994,buy
2018-06-13,0.32568398,0.26355177993527423,0.0013560599999999925,-0.041396979503776084,hold
2018-06-14,0.32768527,0.2731256742179067,0.002227849999999976,-0.044341064365336365,sell
2018-06-15,0.308188,0.27022653721682804,-0.01749597999999997,0.0066747572815538106,hold
2018-06-17,0.3011742,0.2784969435454867,-0.02651106999999997,0.005371269327580031,hold
2018-06-18,0.29614070000000003,0.2691253146350232,-0.012047299999999985,-0.0011012225818048393,buy
2018-06-19,0.29685453,0.26669813016900346,-0.004319669999999998,-0.01179881337648325,sell
2018-06-20,0.29163566,0.2727660913340517,-0.004505040000000016,0.003640776699028514,hold
2018-06-21,0.29316503,0.2844075871988489,-0.0036895000000000118,0.017709457029845443,hold
2018-06-22,0.29419997,0.28528407047824444,0.0025643099999999586,0.012517979144192726,hold
2018-06-24,0.30064765,0.2944759079467816,0.007482619999999995,0.01006832074793268,buy
2018-06-25,0.30242106,0.2828793599424664,0.008221090000000042,-0.0024047105357780647,hold
2018-06-26,0.3082306,0.26346188421431105,0.007582949999999976,-0.03101402373247053,hold
2018-06-27,0.30643645,0.2635742538655155,0.0040153900000000076,-0.019305106076950903,sell
2018-06-28,0.29303074,0.2908351312477526,-0.015199859999999954,0.02737324703344157,hold
2018-06-29,0.28990814,0.2894642215030565,-0.016528310000000046,0.025889967637541037,buy
2018-07-01,0.29694995,0.2811263933836745,0.003919210000000006,-0.00970873786407811,hold
2018-07-02,0.29988632,0.28503685724559435,0.009978180000000005,-0.004427364257462153,sell
2018-07-03,0.29875050000000003,0.2853065444084857,0.001800550000000012,0.004180151024811174,hold
2018-07-04,0.3037094,0.29243078029485714,0.003823080000000034,0.007393923049262784,hold
2018-07-05,0.30666867,0.30425206760158163,0.007918169999999947,0.018945523193095948,hold
2018-07-06,0.30608943,0.3058926645091691,0.002380029999999977,0.013461884214311937,buy
2018-07-08,0.30984133,0.30685904350952864,0.003172660000000049,0.002606975907947007,hold
2018-07-09,0.31447843,0.30054386911182984,0.00838899999999998,-0.005348795397339234,hold
2018-07-10,0.3167092,0.2886326860841417,0.006867869999999997,-0.01822635742538692,hold
2018-07-11,0.31768996,0.2861380798273996,0.003211530000000018,-0.01440578928443026,sell
2018-07-12,0.31609598,0.2907452355267881,-0.0006132200000000254,0.0021125494426463827,hold
2018-07-13,0.31300774,0.28939679971233323,-0.004682220000000015,0.003258719884933648,hold
2018-07-15,0.3099958,0.29629629629629584,-0.006100180000000011,0.005551060769507732,buy
2018-07-16,0.30904344,0.2837108953613803,-0.003964299999999976,-0.005685904350952953,hold
2018-07-17,0.3145658,0.281890507011866,0.004570000000000018,-0.014405789284429815,hold
2018-07-18,0.31357196,0.2840255303847532,0.0045285199999999795,0.0003146350233729222,sell
2018-07-19,0.31207922,0.29867853290183355,-0.002486580000000016,0.016788025889967532,hold
2018-07-20,0.31090674,0.3033306364617037,-0.002665219999999968,0.019305106076950518,buy
2018-07-22,0.31500009999999995,0.2927903631787125,0.002920879999999959,-0.005888169723121062,hold
2018-07-23,0.31840345,0.2907901833872701,0.007496709999999963,-0.012540453074433631,sell
2018-07-24,0.3177825,0.30279126213592145,0.0027824000000000178,0.010000898957208959,buy
2018-07-25,0.3177699,0.28162081984897513,-0.0006335499999999827,-0.00916936353829495,hold
2018-07-26,0.3242176,0.2843626393383669,0.006435100000000028,-0.018428622797554528,sell
2018-07-27,0.31764588,0.2850818051060764,-0.00012402000000000246,0.003460985257101257,hold
2018-07-29,0.31324133,0.2958692916217185,-0.01097627000000001,0.01150665228335157,hold
2018-07-30,0.31245112,0.2918015102481117,-0.005194759999999965,0.006719705142035293,buy
2018-07-31,0.3148963,0.2859807623157131,0.0016549699999999776,-0.009888529306005369,hold
2018-08-01,0.31504253,0.2684286227975545,0.002591409999999961,-0.023372887450557208,hold
2018-08-02,0.3160663,0.26438331535418896,0.0011700000000000599,-0.021597446961524158,sell
2018-08-03,0.30771384,0.2631472491909381,-0.00732868999999997,-0.005281373606616346,hold
2018-08-05,0.29797152,0.2623381877022646,-0.018094780000000036,-0.0020451276519243837,hold
2018-08-06,0.28882477,0.27245145631067924,-0.018889070000000008,0.009304207119741116,hold
2018-08-07,0.2853316,0.2738673139158574,-0.012639920000000028,0.011529126213592809,buy
2018-08-08,0.28888482,0.2547195253505929,6.004999999997818e-05,-0.01773193096008635,hold
2018-08-09,0.29165736,0.2288745055735344,0.0063257600000000145,-0.044992808342323,hold
2018-08-10,0.28801459999999995,0.225638259618842,-0.0008702200000000326,-0.029081265731750933,sell
2018-08-12,0.27381384,0.2269417475728148,-0.01784352,-0.0019327580007195977,hold
2018-08-13,0.26201805,0.2148507731031999,-0.02599654999999995,-0.01078748651564207,hold
2018-08-14,0.25159836,0.21372707659115384,-0.022215479999999958,-0.013214670981660959,hold
2018-08-15,0.24021547,0.2205142035239116,-0.021802580000000016,0.005663430420711713,hold
2018-08-16,0.23531424,0.23536947141316,-0.016284120000000013,0.02164239482200617,hold
2018-08-17,0.240074,0.23534699748291965,-0.00014147000000000465,0.01483279395900805,buy
2018-08-19,0.24858637,0.2474829198130161,0.013272129999999991,0.012113448399856092,sell
2018-08-20,0.25185207,0.2663834951456305,0.011778070000000002,0.031036497662710823,hold
2018-08-21,0.25877237,0.26858594030924104,0.010185999999999971,0.02110302049622495,buy
2018-08-22,0.26727676,0.2587423588637177,0.015424690000000019,-0.007641136281912764,hold
2018-08-23,0.27118176,0.2764068680330811,0.01240939000000002,0.007820927723840077,sell
2018-08-24,0.26989868,0.2819354548723476,0.00262192,0.0231930960086299,hold
2018-08-26,0.27968118,0.29067781373606616,0.00849941999999998,0.014270945702985037,buy
2018-08-27,0.28696477,0.2927454153182309,0.017066089999999978,0.010809960445883282,hold
2018-08-28,0.29223996,0.2963637180870187,0.012558780000000049,0.005685904350952564,hold
2018-08-29,0.29883614,0.2864976627112541,0.011871369999999992,-0.0062477526069767975,hold
2018-08-30,0.30637040000000004,0.2717322905429702,0.014130440000000022,-0.024631427544048512,hold
2018-08-31,0.30384898,0.271350233728874,0.005012840000000018,-0.015147428982380085,sell
2018-09-02,0.29497874,0.2749011147069393,-0.011391660000000027,0.003168824163969075,hold
2018-09-03,0.29039755,0.2689005753326139,-0.013451429999999986,-0.002449658396260101,hold
2018-09-04,0.28909045,0.2795307443365691,-0.005888290000000018,0.004629629629629818,hold
2018-09-05,0.28424045,0.27624955052139466,-0.006157100000000026,0.007348975188780749,buy
2018-09-06,0.28855047,0.2610122258180505,-0.0005399799999999955,-0.0185185185185186,hold
2018-09-07,0.2946073,0.2629674577490109,0.010366849999999985,-0.013282092772383736,sell
2018-09-09,0.28993487,0.2703389068680329,0.0013844000000000078,0.009326681049982409,hold
2018-09-10,0.2868062,0.27078838547285145,-0.00780109999999995,0.00782092772384052,hold
2018-09-11,0.28810790000000003,0.2774856166846451,-0.0018269699999999835,0.007146709816612196,hold
2018-09-12,0.28759897,0.2922734627831711,0.0007927699999999982,0.02148507731031968,buy
2018-09-13,0.29010144,0.2769012944983817,0.0019935399999999603,-0.0005843221862634196,hold
2018-09-14,0.30162690000000003,0.27705861201006776,0.014027930000000022,-0.01521485077310336,hold
2018-09-16,0.30345693,0.2871943545487228,0.013355490000000024,0.010293060050341085,sell
2018-09-17,0.30253035,0.28921700827040603,0.0009034499999999724,0.012158396260338268,hold
2018-09-18,0.30412388,0.2884304207119737,0.0006669499999999995,0.0012360661632509484,hold
2018-09-19,0.30564925,0.3112414599065083,0.00311889999999998,0.022024451636102282,hold
2018-09-20,0.30207929999999994,0.3049038115785683,-0.0020445800000000736,0.01647339086659455,buy
2018-09-21,0.3118543,0.3051734987414592,0.00620504999999999,-0.006067961165049096,hold
2018-09-23,0.31774446,0.3060275080906143,0.01566516000000007,0.001123696512046024,hold
2018-09-24,0.32038242,0.3083872707659112,0.008528120000000028,0.003213772024452,hold
2018-09-25,0.32128075,0.30481391585760464,0.003536289999999997,-0.0012135922330096527,hold
2018-09-26,0.32337502,0.2798903272204236,0.002992600000000012,-0.0284969435454876,hold
2018-09-27,0.31998774,0.27222671700826995,-0.0012930099999999831,-0.0325871988493347,sell
2018-09-28,0.3073769,0.2729683567062202,-0.015998120000000005,-0.0069219705142034025,hold
2018-09-30,0.29967973,0.2666082344480394,-0.020308010000000043,-0.005618482560230564,buy
2018-10-01,0.29634306,0.2606301690039552,-0.011033840000000015,-0.012338187702265023,hold
2018-10-02,0.2905505,0.2440219345559149,-0.009129229999999988,-0.02258629989212449,sell
2018-10-03,0.28549042,0.2532137720244512,-0.010852639999999969,-0.007416396979503971,hold
2018-10-04,0.27981314,0.253236245954692,-0.010737359999999974,0.009214311398777124,hold
2018-10-05,0.27736086,0.2546745774901109,-0.008129560000000036,0.001460805465659687,buy
2018-10-07,0.2758251,0.2479998202085576,-0.003988040000000026,-0.005236425746134421,hold
2018-10-08,0.27511728,0.2503595828838545,-0.0022435799999999677,-0.004314994606256396,sell
2018-10-09,0.2709818,0.2567421790722757,-0.004843299999999996,0.008742358863718103,hold
2018-10-10,0.269631,0.2695523193096005,-0.00548628000000001,0.019192736425745986,hold
2018-10-11,0.26905158,0.26215839626033777,-0.0019302199999999825,0.005416217188062067,buy
2018-10-12,0.27648917,0.26065264293419604,0.006858169999999997,-0.008899676375404453,hold
2018-10-14,0.27748853,0.2679341963322539,0.008436949999999999,0.0057758000719161364,sell
2018-10-15,0.27667984,0.2664509169363538,0.00019067000000000392,0.005798274002157765,buy
2018-10-16,0.27959597,0.2495729953254222,0.002107440000000016,-0.018361201006831696,hold
2018-10-17,0.27997383,0.2389653002517073,0.0032939899999999693,-0.027485616684646497,sell
2018-10-18,0.2732672,0.2525170801869829,-0.006328770000000039,0.0029440848615606696,hold
2018-10-19,0.26374617,0.2516855447680686,-0.016227659999999974,0.01272024451636128,buy
2018-10-21,0.26367313,0.2413700107874863,-0.00959407000000001,-0.011147069399496584,hold
2018-10-22,0.26244143,0.2427184466019412,-0.0013047400000000267,-0.008967098166127395,hold
2018-10-23,0.25963458,0.2265821646889603,-0.004038549999999974,-0.014787846098525988,hold
2018-10-24,0.2608079,0.2213007910823439,-0.0016335299999999944,-0.02141765551959729,sell
2018-10-25,0.25522387,0.2273238043869105,-0.004410709999999984,0.000741639697950186,hold
2018-10-26,0.24564941,0.22640237324703305,-0.015158489999999969,0.0051015821646891455,hold
2018-10-28,0.24390376,0.22134573894282594,-0.011320110000000022,-0.005978065444084552,buy
2018-10-29,0.24400459,0.21455861201006726,-0.001644820000000019,-0.011843761236965787,hold
2018-10-30,0.2397659,0.2076366414958644,-0.004137859999999993,-0.013709097446961556,sell
2018-10-31,0.23614119,0.2274586479683567,-0.007863399999999994,0.012900035958289424,hold
2018-11-01,0.23310749,0.2237055016181229,-0.0066584100000000035,0.0160688601222585,buy
2018-11-02,0.23945738,0.22631247752606945,0.003316189999999997,-0.0011461704422872365,hold
2018-11-04,0.23873918,0.22871718806184801,0.005631689999999996,0.0050116864437251,sell
2018-11-05,0.23969805,0.2360661632506287,0.00024066999999999839,0.009753685724559258,hold
2018-11-06,0.24298564,0.2341558791801508,0.0042464600000000075,0.0054386911183028075,buy
2018-11-07,0.24746841,0.21963772024451567,0.007770360000000005,-0.01642844300611304,hold
2018-11-08,0.24808067,0.21206400575332607,0.00509503,-0.02209187342682473,hold
2018-11-09,0.24328448,0.20970424307802915,-0.004183930000000002,-0.009933477166486515,hold
2018-11-11,0.23475917,0.18718536497662666,-0.013321500000000014,-0.02487864077669941,sell
2018-11-12,0.227812,0.2068275800071913,-0.015472480000000009,-0.002876663070837865,hold
2018-11-13,0.21443062,0.2070972671700826,-0.02032855,0.019911902193455927,hold
2018-11-14,0.2158953,0.2098390866594744,-0.011916700000000002,0.003011506652283113,hold
2018-11-15,0.22005694,0.231009528946422,0.005626320000000018,0.023912261776339427,hold
2018-11-16,0.22138658,0.22990830636461634,0.005491280000000015,0.020069219705141944,buy
2018-11-18,0.23142548,0.2389877741819486,0.011368539999999984,0.007978245235526593,hold
2018-11-19,0.23900248,0.22058162531463488,0.01761589999999999,-0.009326681049981468,hold
2018-11-20,0.24366842,0.22424487594390466,0.012242940000000008,-0.01474289823804395,sell
2018-11-21,0.23752442,0.22743617403811545,-0.0014780599999999755,0.006854548723480569,buy
2018-11-22,0.23558591,0.21235616684645767,-0.008082509999999987,-0.011888709097446992,hold
2018-11-23,0.23546414,0.2127831715210351,-0.0020602800000000254,-0.014653002517080347,sell
2018-11-25,0.230964,0.2118167925206756,-0.0046219100000000355,-0.0005393743257820771,buy
2018-11-26,0.22824062,0.20368122977346206,-0.007223519999999982,-0.009101941747573034,sell
2018-11-27,0.23159863,0.21952535059331124,0.0006346300000000249,0.007708558072635652,hold
2018-11-28,0.22656403,0.22514383315354136,-0.0016765900000000056,0.021462603380079298,buy
2018-11-29,0.22945988,0.2080636461704417,-0.002138749999999995,-0.011461704422869534,hold
2018-11-30,0.23597182,0.2138394462423583,0.00940779,-0.011304386911183071,sell
2018-12-02,0.22990732,0.21653631787126887,0.00044743999999999334,0.008472671700827161,hold
2018-12-03,0.22876327,0.21390686803308112,-0.007208550000000008,6.74217907228325e-05,hold
2018-12-04,0.22854103,0.21532272563825927,-0.0013662899999999922,-0.0012135922330095972,hold
2018-12-05,0.22760282,0.2214131607335488,-0.0011604499999999796,0.007506292700467682,hold
2018-12-06,0.22631717,0.2214131607335488,-0.002223859999999994,0.006090435095289531,hold
2018-12-07,0.22981553,0.2267394822006468,0.002212709999999979,0.005326321467097994,buy
2018-12-09,0.23332585,0.21691837468536468,0.007008679999999989,-0.004494786048184124,hold
2018-12-10,0.23746175,0.2092322905429697,0.007646220000000009,-0.017507191657677085,sell
2018-12-11,0.23642084,0.2206715210355985,0.0030949899999999923,0.0037531463502338274,hold
2018-12-12,0.23327868,0.21853649766271088,-0.004183070000000011,0.00930420711974117,buy
2018-12-13,0.23305517,0.2053892484717723,-0.0033656699999999877,-0.015282272563826194,hold
2018-12-14,0.23080245,0.2052993527508092,-0.002476229999999996,-0.013237144911901672,sell
2018-12-16,0.2264321,0.2154575692197045,-0.0066230700000000095,0.01006832074793218,hold
2018-12-17,0.22428422,0.2214131607335488,-0.006518229999999986,0.016113807982739592,hold
2018-12-18,0.2279164,0.22381787126932684,0.0014842999999999662,0.008360302049622348,hold
2018-12-19,0.23222561,0.2395496224379716,0.007941389999999994,0.01813646170442279,buy
2018-12-20,0.23623194,0.21975008989572054,0.008315540000000038,-0.004067781373606305,hold
2018-12-21,0.24593677,0.22062657317511647,0.01371116,-0.018923049262855124,hold
2018-12-23,0.24338906,0.2267394822006468,0.007157119999999989,0.006989392304926262,sell
2018-12-24,0.23936494,0.2297959367134119,-0.006571830000000001,0.009169363538295422,buy
2018-12-25,0.24022828,0.21788475368572424,-0.003160780000000002,-0.008854728514922555,sell
2018-12-26,0.24304168,0.2336839266450914,0.0036767400000000117,0.00388798993167952,hold
2018-12-27,0.23584267,0.2361560589715923,-0.004385609999999984,0.01827130528586807,hold
2018-12-28,0.24148409,0.2355942107155697,-0.0015575899999999974,0.001910284070478302,buy
2018-12-30,0.24788742,0.2409430061129089,0.012044749999999993,0.004786947141316583,hold
2018-12-31,0.25068778,0.2406058971592948,0.009203690000000014,0.0050116864437251,hold
2019-01-01,0.25289062,0.2070972671700826,0.005003200000000013,-0.0338457389428263,hold
2019-01-02,0.2548746,0.22458198489751835,0.00418681999999998,-0.016023912261776463,sell
2019-01-03,0.23999773,0.2255708378281187,-0.012892890000000018,0.01847357065803612,hold
2019-01-04,0.23566361,0.2291441927364257,-0.019210990000000008,0.004562207838907345,hold
2019-01-06,0.23740743,0.2445837828119375,-0.00259029999999999,0.01901294498381878,hold
2019-01-07,0.23997968,0.2397069399496581,0.004316070000000004,0.010562747213232415,hold
2019-01-08,0.24794267,0.2614841783531099,0.01053524,0.016900395541172397,buy
2019-01-09,0.25530472,0.2511461704422868,0.015325039999999984,0.011439230492628709,hold
2019-01-10,0.2686295,0.2415947500898952,0.020686830000000017,-0.019889428263214687,hold
2019-01-11,0.27029699999999995,0.24026878820568154,0.014992279999999969,-0.010877382236605282,sell
2019-01-13,0.26632680000000003,0.24316792520675976,-0.002302699999999991,0.0015731751168645556,buy
2019-01-14,0.2623291,0.2300206760158212,-0.007967899999999972,-0.010248112189860327,hold
2019-01-15,0.26180393,0.22671700827040606,-0.004522870000000011,-0.016450916936353727,sell
2019-01-16,0.25389847,0.22505393743257773,-0.008430629999999995,-0.00496673858324348,buy
2019-01-17,0.2547436,0.21817691477885592,-0.007060330000000004,-0.008540093491550105,hold
2019-01-18,0.25360277,0.21898597626752947,-0.00029570000000000984,-0.006067961165048264,sell
2019-01-20,0.249678,0.21983998561668416,-0.005065600000000003,0.00166307083782824,hold
2019-01-21,0.24700235,0.21860391945343327,-0.006600419999999968,-0.0003820568140961989,hold
2019-01-22,0.24521656,0.22372797554836368,-0.004461440000000011,0.00388798993167952,buy
2019-01-23,0.24393533,0.2072096368212865,-0.003067020000000004,-0.011394282632146755,sell
2019-01-24,0.24170355,0.2275710176195611,-0.003513010000000011,0.0038430420711974282,hold
2019-01-25,0.23529097,0.2297060409924483,-0.00864436000000002,0.022496404171161773,hold
2019-01-27,0.24027331,0.2334591873426821,-0.0014302399999999993,0.005888169723120978,buy
2019-01-28,0.24338345,0.2346727795756913,0.008092480000000013,0.004966738583243008,sell
2019-01-29,0.2452118,0.2460221143473565,0.004938490000000018,0.0125629270046744,buy
2019-01-30,0.24746351,0.2376842862279753,0.0040800599999999965,0.0030115066522840017,hold
2019-01-31,0.25520858,0.2391450916936351,0.009996780000000009,-0.006877022653721393,hold
2019-02-01,0.2526566,0.23905519597267105,0.005193090000000011,0.001370909744695753,hold
2019-02-03,0.25246227,0.2346952535059325,-0.0027463100000000296,-0.004449838187702586,hold
2019-02-04,0.25110042,0.2288070837828116,-0.0015561800000000179,-0.010248112189859463,hold
2019-02-05,0.24858348,0.2191208198489747,-0.003878789999999993,-0.015574433656957818,hold
2019-02-06,0.2444055,0.2129629629629628,-0.006694920000000021,-0.01584412081984879,hold
2019-02-07,0.23912318,0.2090300251708017,-0.009460300000000005,-0.010090794678173004,sell
2019-02-08,0.23645858,0.20970424307802915,-0.007946919999999968,-0.003258719884933648,buy
2019-02-10,0.23053564,0.1995460266091329,-0.008587540000000005,-0.009483998561668788,sell
2019-02-11,0.22813497,0.2119291621718804,-0.008323610000000009,0.002224919093851252,hold
2019-02-12,0.22321029,0.1964221503056449,-0.007325349999999981,-0.00312387630348801,buy
2019-02-13,0.22647528,0.20318680330816186,-0.0016596899999999914,-0.008742358863718547,sell
2019-02-14,0.22108339,0.20269237684286207,-0.002126900000000015,0.006270226537217177,hold
2019-02-15,0.22223407,0.20320927723840265,-0.004241209999999995,2.2473930240796136e-05,hold
2019-02-17,0.2215442,0.20693994965839613,0.00046081000000000594,0.004247572815534062,hold
2019-02-18,0.22215924,0.2133450197770581,-7.482999999999795e-05,0.010135742538655457,hold
2019-02-19,0.22195669,0.21473840345199546,0.0004124900000000154,0.007798453793599336,buy
2019-02-20,0.22623871,0.2133225458468173,0.004079470000000003,-2.2473930240796136e-05,hold
2019-02-21,0.22871388,0.2115471053577842,0.006757189999999996,-0.003191298094211259,hold
2019-02-22,0.2291558,0.21381697231211794,0.0029170899999999837,0.0004944264653006236,sell
2019-02-24,0.2282909,0.21891855447680664,-0.0004229799999999895,0.007371449119022433,hold
2019-02-25,0.22768472,0.22527867673498705,-0.0014710799999999855,0.01146170442286912,hold
2019-02-26,0.230004,0.22224469615246267,0.0017130999999999676,0.003326141675656036,buy
2019-02-27,0.23204073,0.22078389068680293,0.0043560099999999935,-0.004494786048184124,hold
2019-02-28,0.23475298,0.21860391945343327,0.004748980000000014,-0.003640776699029402,hold
2019-03-01,0.2355382,0.22121089536138028,0.0034974700000000025,0.00042700467457734703,hold
2019-03-03,0.23554127,0.2125134843581442,0.0007882899999999969,-0.0060904350952890604,hold
2019-03-04,0.2370034,0.20572635742538609,0.0014651999999999998,-0.015484537935994191,hold
2019-03-05,0.23379591,0.2072770586120094,-0.0017453600000000016,-0.0052364257461348105,hold
2019-03-06,0.22934037,0.18145451276519164,-0.007663030000000016,-0.02427184466019444,hold
2019-03-07,0.22803117,0.1888933836749369,-0.0057647399999999896,-0.01838367493707249,sell
2019-03-08,0.21831731,0.18898327939590054,-0.01102306,0.007528766630708894,hold
2019-03-10,0.21570681,0.19518608414239447,-0.012324360000000006,0.006292700467457557,hold
2019-03-11,0.21469852,0.2013439410284064,-0.003618789999999983,0.012360661632505848,hold
2019-03-12,0.21608368,0.2111875224739297,0.00037687000000000137,0.016001438331535226,hold
2019-03-13,0.21765451,0.2058162531463497,0.002955989999999992,0.0044723121179433,buy
2019-03-14,0.22596203,0.209771664868752,0.009878350000000008,-0.001415857605177706,hold
2019-03-15,0.22633691,0.20869291621718755,0.008682400000000007,0.002876663070837865,sell
2019-03-17,0.22754042,0.21246853649766206,0.0015783899999999849,0.0026968716289101358,hold
2019-03-18,0.22487058,0.21655879180151014,-0.0014663300000000155,0.007865875584322585,hold
2019-03-19,0.22512099,0.2332344480402724,-0.00241943,0.020765911542610288,hold
2019-03-20,0.22681959,0.2209412081984894,0.0019490100000000012,0.004382416396979255,buy
2019-03-21,0.2346503,0.20446781733189434,0.009529309999999984,-0.028766630708378062,hold
2019-03-22,0.23747957,0.2033665947500896,0.010659980000000013,-0.017574613448399782,sell
2019-03-24,0.23117258,0.20777148507731005,-0.0034777199999999893,0.0033036677454157115,hold
2019-03-25,0.22590138,0.19848975188780926,-0.011578189999999988,-0.004876842862280351,buy
2019-03-26,0.22368897,0.19361290902552986,-0.007483610000000002,-0.014158576051780197,hold
2019-03-27,0.21601371,0.18860122258180434,-0.009887670000000015,-0.009888529306004923,sell
2019-03-28,0.21049327,0.1859268248831354,-0.013195699999999977,-0.007686084142394467,hold
2019-03-29,0.20882632,0.18709546925566345,-0.007187389999999987,-0.0015057533261408904,hold
2019-03-31,0.20632689,0.18300521395181546,-0.004166379999999997,-0.002921610931319929,buy
2019-04-01,0.20517366,0.1826231571377197,-0.0036526600000000024,-0.004472312117943744,sell
2019-04-02,0.2024976,0.1919273642574608,-0.0038292900000000134,0.00892215030564533,hold
2019-04-03,0.19967474,0.1868932038834945,-0.005498920000000018,0.0042700467457748035,buy
2019-04-04,0.19978303,0.1850952894642215,-0.0027145699999999995,-0.006832074793239301,hold
2019-04-05,0.19908626,0.18597177274361693,-0.0005884800000000022,-0.0009214311398775821,sell
2019-04-07,0.19946417,0.19437702265372134,-0.0003188600000000041,0.009281733189499848,hold
2019-04-08,0.20025596,0.1966244156778129,0.0011697000000000235,0.010652642934195988,hold
2019-04-09,0.202268,0.1989392304926283,0.002803830000000007,0.004562207838906957,buy
2019-04-10,0.20454906,0.1954108234448033,0.004293099999999994,-0.001213592233009625,hold
2019-04-11,0.2080472,0.2038385472851489,0.005779200000000012,0.0048993167925206185,sell
2019-04-12,0.20848614,0.20500719165767656,0.003937079999999982,0.009596368212873269,buy
2019-04-14,0.21197881,0.20534430061129028,0.003931609999999974,0.0015057533261413625,hold
2019-04-15,0.2130348,0.20089446242358824,0.00454866000000001,-0.004112729234088314,hold
2019-04-16,0.21451518,0.20359133405249885,0.00253637000000001,-0.0017529665587914245,hold
2019-04-17,0.21327376,0.1897473930240912,0.0002389600000000103,-0.011147069399497056,hold
2019-04-18,0.21314883,0.19107335490830568,-0.0013663499999999884,-0.01251797914419317,sell
2019-04-19,0.20725605,0.1917925206760156,-0.00601771000000001,0.002045127651924411,hold
2019-04-21,0.20478645,0.195028766630708,-0.008362380000000003,0.003955411722402324,buy
2019-04-22,0.20375882,0.18723031283710867,-0.0034972299999999896,-0.004562207838906929,hold
2019-04-23,0.20427601,0.17140866594750026,-0.0005104400000000009,-0.023620100683207745,hold
2019-04-24,0.2005905,0.16736335850413475,-0.0031683200000000022,-0.01986695433297392,sell
2019-04-25,0.193301,0.16907137720244458,-0.010975010000000007,-0.0023372887450556767,hold
2019-04-26,0.18734701,0.17053218266810474,-0.013243489999999995,0.003168824163969991,hold
2019-04-28,0.18297298,0.17848795397339012,-0.010328019999999992,0.009416576770945541,hold
2019-04-29,0.17998673,0.1854323984178352,-0.007360279999999997,0.014900215749730468,hold
2019-04-30,0.1820741,0.18244336569579245,-0.0008988800000000186,0.003955411722402324,buy
2019-05-01,0.18857583,0.17581355627472073,0.008589099999999987,-0.00961884214311448,hold
2019-05-02,0.18991591,0.18206130888169714,0.007841810000000005,-0.00038205681409531067,sell
2019-05-03,0.18907098,0.17844300611290853,0.0004951499999999998,0.0026294498381878033,buy
2019-05-05,0.19000731,0.18212873067242,9.140000000001924e-05,6.742179072286025e-05,sell
2019-05-06,0.1871708,0.17954422869471331,-0.001900180000000001,0.0011012225818047838,hold
2019-05-07,0.18579586,0.1813870909744697,-0.0042114500000000055,-0.0007416396979502969,hold
2019-05-08,0.18565564,0.1860391945343398,-0.0015151599999999874,0.0064949658396264995,hold
2019-05-09,0.18978031,0.18929791441927304,0.0039844500000000005,0.007910823444803344,buy
2019-05-10,0.19394305,0.1899271844660193,0.008287409999999995,0.0038879899316794924,hold
2019-05-12,0.19784977,0.18909564904710496,0.00806946,-0.0002022653721680812,hold
2019-05-13,0.19988476,0.1826231571377197,0.005941709999999989,-0.0073040273282996,hold
2019-05-14,0.19993024,0.1834322186263928,0.0020804700000000014,-0.005663430420712157,hold
2019-05-15,0.19628075,0.17585850413520274,-0.003604009999999991,-0.006764653002516968,hold
2019-05-16,0.19538526,0.1720828838547277,-0.004544980000000004,-0.01134933477166511,sell
2019-05-17,0.1927406,0.17394822006472446,-0.00354015000000002,-0.0019102840704782746,hold
2019-05-19,0.18827568,0.17455501618122948,-0.007109580000000005,0.002472132326501786,hold
2019-05-20,0.18761507,0.1738807982740016,-0.005125529999999989,-6.742179072286025e-05,buy
2019-05-21,0.18759961,0.17183567062207805,-0.0006760700000000007,-0.0027193455591514315,sell
2019-05-22,0.18724434,0.1783306364617041,-0.0003707299999999858,0.004449838187702504,hold
2019-05-23,0.18614642,0.18287037037037024,-0.0014531899999999929,0.011034699748292187,hold
2019-05-24,0.18800774,0.1834322186263928,0.0007633999999999974,0.0051015821646887005,buy
2019-05-26,0.19039273,0.1804207119741097,0.004246310000000003,-0.002449658396260545,hold
2019-05-27,0.19173138,0.17473480762315674,0.00372364,-0.008697411003236066,hold
2019-05-28,0.19128343,0.16765551959726688,0.0008906999999999944,-0.012765192376842815,hold
2019-05-29,0.18944786,0.16605987055016147,-0.002283520000000011,-0.00867493707299527,sell
2019-05-30,0.18339117,0.1746673858324339,-0.007892260000000012,0.007011866235167029,hold
2019-05-31,0.17935328,0.17597087378640766,-0.010094579999999992,0.00991100323624619,hold
2019-06-02,0.18184257,0.19217457749011133,-0.001548599999999983,0.017507191657677418,hold
2019-06-03,0.18445238,0.193950017979144,0.005099099999999995,0.0179791441927363,buy
2019-06-04,0.1937568,0.18833153541891345,0.011914229999999998,-0.003843042071197872,hold
2019-06-05,0.20199506,0.19887180870190546,0.01754268,0.0049217907227615,sell
2019-06-06,0.20491071,0.2118842143113984,0.011153909999999987,0.02355267889248494,hold
2019-06-07,0.20842366,0.20864796835670552,0.006428600000000007,0.009776159654800054,buy
2019-06-09,0.21513368,0.20840075512405587,0.010222969999999998,-0.003483459187342525,hold
2019-06-10,0.21605963,0.2110077310320025,0.007635969999999992,0.0023597626752969725,hold
2019-06-11,0.21806708,0.20266990291262088,0.002933400000000003,-0.005730852211434989,hold
2019-06-12,0.22348405,0.1997707659115422,0.007424419999999987,-0.011236965120460296,hold
2019-06-13,0.22394487,0.1830276878820567,0.005877789999999994,-0.01964221503056418,hold
2019-06-14,0.22286777,0.1853874505573532,-0.0006162799999999968,-0.014383315354188991,sell
2019-06-16,0.21512552,0.1873426824883131,-0.008819350000000005,0.004314994606256396,hold
2019-06-17,0.21207406,0.18140956490471005,-0.010793709999999984,-0.0039778856526431474,hold
2019-06-18,0.2089565,0.1899271844660193,-0.00616901999999997,0.0025845019777062106,hold
2019-06-19,0.20556132,0.20309690758719826,-0.006512740000000017,0.021687342682488203,hold
2019-06-20,0.20930289,0.21963772024451567,0.00034638999999997416,0.02971053577849636,hold
2019-06-21,0.21789752,0.2234807623157136,0.012336200000000021,0.020383854728515338,buy
2019-06-23,0.22771783,0.22664958647968314,0.01841494000000002,0.007011866235167474,hold
2019-06-24,0.23584570000000005,0.21968266810499806,0.017948180000000036,-0.0037980942107155298,hold
2019-06-25,0.24266301,0.2208962603380078,0.014945180000000002,-0.00575332614167534,hold
2019-06-26,0.24087296,0.2203568860122256,0.00502725999999995,0.0006742179072275477,sell
2019-06-27,0.23972248,0.21968266810499806,-0.0029405300000000245,-0.001213592233009736,hold
2019-06-28,0.23699175,0.21788475368572424,-0.003881209999999996,-0.002472132326501369,buy
2019-06-30,0.23762362,0.2014113628191292,-0.00209885999999998,-0.018271305285868872,hold
2019-07-01,0.23713462,0.20222042430780274,0.0001428699999999894,-0.015664329377921504,sell
2019-07-02,0.2318209,0.2015237324703341,-0.005802720000000011,0.0001123696512048966,hold
2019-07-03,0.23106374,0.20107425386551547,-0.006070880000000001,-0.0011461704422872645,buy
2019-07-04,0.22918469,0.18718536497662666,-0.00263621,-0.014338367493707429,hold
2019-07-05,0.22628023,0.1879045307443361,-0.004783509999999991,-0.013169723121179366,sell
2019-07-07,0.2173851,0.18529755483638954,-0.01179959,-0.0018878101402371168,hold
2019-07-08,0.21430947,0.18287037037037024,-0.011970759999999995,-0.005034160373965868,hold
2019-07-09,0.2101618,0.1950062927004668,-0.007223300000000016,0.00970873786407725,hold
2019-07-10,0.2077273,0.19309600862998846,-0.006582170000000026,0.010225638259618223,hold
2019-07-11,0.2109863,0.19759079467817253,0.0008245000000000058,0.002584501977705739,buy
2019-07-12,0.21364214,0.19786048184106386,0.005914840000000032,0.004764473211075399,hold
2019-07-14,0.21646793,0.19532092772384013,0.005481630000000015,-0.0022698669543324,hold
2019-07-15,0.21759014,0.1845109672779568,0.003947999999999979,-0.01334951456310707,hold
2019-07-16,0.21824636,0.1880393743257817,0.0017784299999999977,-0.007281553398058416,sell
2019-07-17,0.21037982,0.19561308881697226,-0.007210319999999992,0.011102121539015464,hold
2019-07-18,0.20677565,0.18621898597626707,-0.011470709999999995,-0.0018203883495146453,buy
2019-07-19,0.20698671,0.1858369291621713,-0.003393110000000005,-0.00977615965480097,hold
2019-07-21,0.20405059,0.18284789644012892,-0.0027250600000000014,-0.003371089536138128,hold
2019-07-22,0.20110299,0.17084681769147725,-0.005883719999999981,-0.014990111470694041,hold
2019-07-23,0.19911717,0.16884663790003573,-0.004933419999999994,-0.014001258540093207,sell
2019-07-24,0.19236082,0.16949838187702193,-0.00874217000000002,-0.0013484358144553177,hold
2019-07-25,0.18386294,0.16498112189859748,-0.01525423000000001,-0.0038655160014382526,hold
2019-07-26,0.18094352,0.16605987055016147,-0.011417299999999991,-0.003438511326860461,hold
2019-07-28,0.17604293,0.16893653362099892,-0.007820010000000016,0.003955411722401436,hold
2019-07-29,0.17382646,0.17219525350593254,-0.0071170600000000075,0.006135382955771068,buy
2019-07-30,0.17542879999999994,0.15302499101042774,-0.0006141300000000183,-0.015911542610571178,hold
2019-07-31,0.17910157,0.15466558791801474,0.00527511,-0.017529665587917798,sell
2019-08-01,0.17166445,0.16071107515282226,-0.003764349999999972,0.007686084142394522,hold
2019-08-02,0.16581471,0.1611156058971588,-0.013286859999999984,0.006450017979144046,hold
2019-08-04,0.1654872,0.19129809421071486,-0.006177249999999995,0.030587019057892656,hold
2019-08-05,0.16455998,0.18311758360301988,-0.0012547300000000097,0.022001977705861098,buy
2019-08-06,0.17619549,0.18278047464940614,0.01070829000000001,-0.008517619561308781,hold
2019-08-07,0.1840717,0.1787801150665227,0.01951172000000001,-0.004337468536497191,hold
2019-08-08,0.18814674,0.181207299532542,0.011951249999999995,-0.0015731751168641395,sell
2019-08-09,0.18710496,0.18354458827759768,0.003033259999999982,0.004764473211074982,hold
2019-08-11,0.188191,0.18554476806903966,4.425999999999042e-05,0.004337468536497664,buy
2019-08-12,0.18609458,0.17660014383315306,-0.0010103799999999774,-0.006944444444444614,hold
2019-08-13,0.18744673,0.1690489032722038,-0.0007442699999999912,-0.016495864796835874,hold
2019-08-14,0.1851673,0.16174487594390466,-0.0009272800000000305,-0.014855267889248402,hold
2019-08-15,0.18535914,0.1571601941747569,-0.0020875900000000003,-0.01188870909744688,hold
2019-08-16,0.18251844,0.15760967277957505,-0.002648859999999975,-0.0041352031643296094,sell
2019-08-18,0.17818889999999998,0.15524991010427858,-0.007170240000000022,-0.0019102840704783297,hold
2019-08-19,0.17660595,0.15880079108234435,-0.005912489999999993,0.0011911183027693006,hold
2019-08-20,0.17213197,0.15720514203523894,-0.006056929999999988,0.001955231930960366,buy
2019-08-21,0.17368124,0.15574433656957876,-0.002924710000000025,-0.003056454512765594,sell
2019-08-22,0.17477193,0.1675206760158212,0.0026399599999999968,0.01031553398058227,hold
2019-08-23,0.17541579999999998,0.1691612729234082,0.001734559999999996,0.013416936353829456,buy
2019-08-25,0.17948805,0.15972222222222146,0.004716120000000018,-0.007798453793599751,hold
2019-08-26,0.18192753,0.15702535059331124,0.006511730000000021,-0.012135922330096973,hold
2019-08-27,0.17751688,0.1561713412441561,-0.001971170000000022,-0.003550880978065357,sell
2019-08-28,0.17414744,0.15019327580007147,-0.007780090000000017,-0.006832074793239773,buy
2019-08-29,0.17217843,0.13425925925925866,-0.0053384499999999955,-0.02191208198489744,hold
2019-08-30,0.16727173,0.13479863358504085,-0.006875709999999979,-0.015394642215030618,sell
2019-09-01,0.15813358,0.12888798993167905,-0.014044849999999998,-0.005371269327579614,hold
2019-09-02,0.15332113,0.13077580007191614,-0.013950600000000007,-0.004022833513124714,hold
2019-09-03,0.14790523,0.14475458468176905,-0.010228349999999995,0.015866594750090002,hold
2019-09-04,0.14437460000000002,0.14459726717008214,-0.00894652999999998,0.013821467098166007,buy
2019-09-05,0.14868522,0.1425746134483994,0.0007799900000000082,-0.00217997123336966,hold
2019-09-06,0.15311351,0.14147339086659416,0.008738909999999989,-0.0031238763034879824,sell
2019-09-08,0.15190487,0.14749640417116086,0.0032196499999999906,0.004921790722761471,hold
2019-09-09,0.15031242,0.14821556993887075,-0.002801090000000006,0.006742179072276588,buy
2019-09-10,0.15318942,0.13999011147069362,0.0012845499999999954,-0.0075062927004672375,hold
2019-09-11,0.15401362,0.14956400575332562,0.0037011999999999883,0.0013484358144548734,sell
2019-09-12,0.15101688,0.15284519956850007,-0.0021725400000000006,0.012855088097806444,hold
2019-09-13,0.15479448,0.15563196691837478,0.0007808600000000222,0.0060679611650491525,buy
2019-09-15,0.16105571,0.13765282272563795,0.01003883,-0.015192376842862119,hold
2019-09-16,0.16500151,0.15349694354548715,0.010207029999999978,-0.0021350233728876233,sell
2019-09-17,0.16077647,0.14349604458827736,-0.00027923999999998617,0.005843221862639414,buy
2019-09-18,0.16548605,0.14697950377561986,0.00048454000000000547,-0.006517439769867296,hold
2019-09-19,0.16099484,0.14075422509888513,0.0002183699999999955,-0.002741819489392228,hold
2019-09-20,0.1602426,0.14111380798273965,-0.005243449999999983,-0.00586569579288021,hold
2019-09-22,0.15780067,0.1355852211434727,-0.003194169999999996,-0.005169003955412421,hold
2019-09-23,0.15973116,0.13999011147069362,-0.0005114400000000019,-0.001123696512046024,hold
2019-09-24,0.15487267,0.12596637900035912,-0.002928000000000014,-0.009618842143113593,hold
2019-09-25,0.15519543,0.11947141316073305,-0.004535730000000016,-0.020518698309960573,sell
2019-09-26,0.15047337,0.12273013304566716,-0.004399299999999995,-0.003236245954691963,hold
2019-09-27,0.1434796,0.12396619920891715,-0.011715829999999984,0.004494786048184096,hold
2019-09-29,0.1396727,0.11432488313556187,-0.010800669999999984,-0.008405249910105286,hold
2019-09-30,0.13787858,0.12210086299892042,-0.005601020000000012,-0.0018653362099967238,hold
2019-10-01,0.13462311,0.1280789284430055,-0.005049590000000021,0.01375404530744363,hold
2019-10-02,0.13463312,0.13120280474649348,-0.0032454600000000056,0.00910194174757306,buy
2019-10-03,0.1386041,0.131562387630348,0.003980990000000018,0.003483459187342497,hold
2019-10-04,0.14025053,0.13318051060769465,0.005617410000000017,0.001977705861201162,hold
2019-10-06,0.14120936,0.1305510607695073,0.002605259999999998,-0.0010113268608407109,hold
2019-10-07,0.14240219,0.1278991370010787,0.00215166,-0.005281373606615958,sell
2019-10-08,0.14062244,0.13340524991010438,-0.0005869200000000184,0.0028541891405970965,hold
2019-10-09,0.1361362,0.13933836749370654,-0.006265989999999999,0.01143923049262785,hold
2019-10-10,0.13766685,0.14435005393743205,-0.00295558999999998,0.01094480402732767,buy
2019-10-11,0.14250574,0.1432937792161093,0.006369539999999979,0.0039554117224027685,hold
2019-10-13,0.14677723,0.14277687882056744,0.00911038,-0.0015731751168646113,hold
2019-10-14,0.14919102,0.14468716289104575,0.006685280000000016,0.0013933836749364381,sell
2019-10-15,0.15298331,0.1535194174757275,0.006206080000000003,0.01074253865516006,hold
2019-10-16,0.15503977,0.1649137001078742,0.005848749999999986,0.02022653721682846,hold
2019-10-17,0.1592075,0.17522923408845692,0.0062241899999999906,0.021709816612729416,buy
2019-10-18,0.16648227,0.17197051420352372,0.011442499999999994,0.007056814095649511,hold
2019-10-20,0.17662984,0.17100413520316415,0.01742234000000001,-0.004225098885292765,hold
2019-10-21,0.18230055,0.1659250269687158,0.015818280000000018,-0.0060454872348079105,hold
2019-10-22,0.18696065,0.16666666666666652,0.010330809999999996,-0.004337468536497635,hold
2019-10-23,0.18829103,0.16019417475728082,0.005990479999999993,-0.005730852211434989,hold
2019-10-24,0.18810436,0.1547105357784968,0.0011437099999999922,-0.011956130888169714,hold
2019-10-25,0.18407528,0.1558117583603016,-0.0042157499999999895,-0.004382416396979227,sell
2019-10-27,0.18058954,0.1590255303847532,-0.0075148200000000045,0.004314994606256396,hold
2019-10-28,0.18119916,0.1621269327580004,-0.0028761200000000093,0.006315174397698825,hold
2019-10-29,0.18470001,0.17113897878460935,0.004110470000000005,0.012113448399856149,hold
2019-10-30,0.18781029,0.1720379359942461,0.006611129999999993,0.009911003236245693,buy
2019-10-31,0.19328733,0.17383585041352,0.00858732000000001,0.0026968716289106627,hold
2019-11-01,0.19614592,0.1742853290183386,0.008335630000000009,0.002247393024092492,hold
2019-11-03,0.19690014,0.1657002876663065,0.0036128099999999936,-0.008135562747213498,hold
2019-11-04,0.19775148,0.15354189140596874,0.001605560000000006,-0.020743437612369853,hold
2019-11-05,0.19381382,0.1526878820568136,-0.0030863200000000035,-0.013012405609492905,sell
2019-11-06,0.18491493,0.14870999640417049,-0.012836550000000002,-0.00483189500179826,hold
2019-11-07,0.17773841,0.1409115426105716,-0.016075409999999984,-0.011776339446242012,hold
2019-11-08,0.17225054,0.14185544768068992,-0.012664389999999998,-0.006854548723480569,hold
2019-11-10,0.16615191,0.14475458468176905,-0.0115865,0.0038430420711974564,hold
2019-11-11,0.16313945,0.13965300251707946,-0.009111090000000016,-0.002202445163610456,buy
2019-11-12,0.16281419,0.1391136281912977,-0.0033377200000000162,-0.005640956490471361,sell
2019-11-13,0.15898728,0.14138349514563098,-0.004152169999999983,0.0017304926285515163,hold
2019-11-14,0.15456288,0.1480582524271843,-0.008251309999999984,0.0089446242358866,hold
2019-11-15,0.15287495,0.149069579288025,-0.006112329999999999,0.007686084142394024,hold
2019-11-17,0.15318087,0.15318230852211426,-0.0013820100000000168,0.0051240560949299685,hold
2019-11-18,0.15225425,0.15446332254584672,-0.0006207000000000018,0.005393743257821715,buy
2019-11-19,0.15480696,0.15446332254584672,0.0016260899999999967,0.0012810140237324574,hold
2019-11-20,0.15865874,0.15169902912621325,0.006404489999999985,-0.002764293419633468,hold
2019-11-21,0.16025703,0.14097896440129398,0.0054500700000000004,-0.013484358144552731,hold
2019-11-22,0.15915166,0.14201276519237638,0.0004929200000000078,-0.00968626393383687,sell
2019-11-24,0.15445136,0.13929341963322495,-0.005805669999999985,-0.0016855447680690359,hold
2019-11-25,0.15088212,0.14190039554117195,-0.008269539999999992,-0.00011236965120442476,hold
2019-11-26,0.14657785,0.13803487953973326,-0.00787351,-0.001258540093491689,hold
2019-11-27,0.1465092,0.139495685005393,-0.004372920000000002,-0.0024047105357789533,hold
2019-11-28,0.14543834,0.14032722042430734,-0.0011395100000000102,0.0022923408845740845,hold
2019-11-29,0.14624406,0.1410463861920168,-0.00026513999999999704,0.0015507011866237874,hold
2019-12-01,0.14578016,0.15405879180150972,0.0003418199999999927,0.013731571377202378,hold
2019-12-02,0.14597146,0.1553398058252422,-0.00027260000000001167,0.014293419633225418,buy
2019-12-03,0.15079704,0.1555420711974107,0.0050168800000000005,0.001483279395900983,hold
2019-12-04,0.15483817,0.16028407047824444,0.00886671,0.004944264653002239,hold
2019-12-05,0.1574221,0.14915947500898907,0.006625060000000016,-0.00638259618842163,hold
2019-12-06,0.16121155,0.150035958288385,0.006373380000000012,-0.010248112189859436,hold
2019-12-08,0.16000298,0.15140686803308112,0.0025808799999999803,0.002247393024092048,sell
2019-12-09,0.15743132,0.15769956850053868,-0.003780229999999996,0.00766361021215367,hold
2019-12-10,0.15719941,0.16673408845738935,-0.002803569999999977,0.015327220424308232,hold
2019-12-11,0.15949146,0.1781508450197764,0.002060139999999988,0.020451276519237727,buy
2019-12-12,0.16549803,0.16334052499101004,0.00829861999999998,-0.0033935634663793124,hold
2019-12-13,0.17563647,0.1648687522473926,0.016145009999999987,-0.013282092772383793,hold
2019-12-15,0.17572938,0.1674083063646168,0.01023135,0.004067781373606749,sell
2019-12-16,0.17660113,0.1709816612729229,0.0009646600000000061,0.0061129090255303,buy
2019-12-17,0.17550392,0.16289104638619145,-0.00022545999999998292,-0.004517259978425336,hold
2019-12-18,0.1753547,0.16462153901474294,-0.0012464299999999928,-0.006360122258179972,hold
2019-12-19,0.17119978,0.15423858324343742,-0.004304140000000012,-0.00865246314275403,hold
2019-12-20,0.17172535,0.1549802229413877,-0.003629350000000003,-0.00964131607335525,sell
2019-12-22,0.16976961,0.15756472491909346,-0.0014301700000000086,0.003326141675656036,hold
2019-12-23,0.16869362,0.1565758719884931,-0.0030317300000000107,0.0015956490471054074,hold
2019-12-24,0.16858998,0.15817152103559806,-0.0011796299999999869,0.0006067961165046043,hold
2019-12-25,0.16778924,0.15969974829198108,-0.0009043799999999824,0.0031238763034879824,hold
2019-12-26,0.16631722,0.1754539733908662,-0.0022727600000000125,0.017282452355268152,hold
2019-12-27,0.16554028,0.17770136641495782,-0.0022489599999999947,0.018001618122976737,buy
2019-12-29,0.17377329,0.1821961524631419,0.007456070000000009,0.0067421790722757,hold
