Date_Timestamp,actual,ensemble,linreg_0,lstm_1,lstm_2
2018-01-07,0.34112246069092134,0.3788985824879026,0.3698909927296686,0.38315493,0.38364983
2018-01-08,0.33161941925857885,0.3586181292691146,0.3548231392378553,0.35988012,0.36115113
2018-01-09,0.3379088718007573,0.3435982308132833,0.34554998318653873,0.34036142,0.3448833
2018-01-10,0.3578560771261339,0.35218976417335196,0.35170476076460844,0.34994623,0.3549183
2018-01-11,0.39380236428325477,0.3791309285891198,0.3711978163516947,0.3820319,0.38416308
2018-01-12,0.39210375301273975,0.4192114608709709,0.40631959951659913,0.41949177,0.43182302
2018-01-14,0.4092275909560429,0.41598700387162557,0.404659566369134,0.41621876,0.4270827
2018-01-15,0.4101916676230922,0.4325563879634366,0.4213921343759971,0.43193305,0.44434398
2018-01-16,0.3894181108688168,0.4314941990007652,0.4223319374411382,0.43071896,0.4414317
2018-01-17,0.4017674738895905,0.40929981950755573,0.40204077612863964,0.40942633,0.41643235
2018-01-18,0.3972914036497188,0.4200709350704945,0.41411265367263456,0.41963863,0.42646152
2018-01-19,0.40681739928841953,0.41704366289054534,0.4097416902326102,0.41670972,0.42467958
2018-01-21,0.4068633077011368,0.4249099411275756,0.4190522187074338,0.4241205,0.43155712
2018-01-22,0.4188913118328936,0.4261347434018714,0.41909637483795364,0.425241,0.43406686
2018-01-23,0.4381039825548027,0.43873764334452453,0.4308452981213422,0.43721688,0.44815075
2018-01-24,0.4378973946975781,0.4618395702986797,0.44960955886509435,0.46259314,0.473316
2018-01-25,0.4463674968437963,0.46339681948765016,0.44939557330441177,0.4649592,0.47583568
2018-01-26,0.4470331688281878,0.471337353895142,0.45766057285676687,0.47249216,0.48385933
2018-01-28,0.43548720302995525,0.4693329118749839,0.45830961557070676,0.46968597,0.48000315
2018-01-29,0.44179960977849186,0.45176101034456767,0.4470343680850946,0.45000505,0.4582436
2018-01-30,0.4437277631125901,0.45836601887626244,0.4532115231300233,0.45660293,0.4652836
2018-01-31,0.46523585447033167,0.4571335824743656,0.45510164273254505,0.4542911,0.462008
2018-02-01,0.45270285779869157,0.4789829065721003,0.47611981937908165,0.47571552,0.48511338
2018-02-02,0.45047629978193504,0.4696446532952058,0.4638705774984563,0.46782374,0.47723964
2018-02-04,0.43220475152071663,0.4655424381295916,0.46169538050892256,0.46329045,0.47164148
2018-02-05,0.43534947779180516,0.44640347463706,0.44384882160481404,0.44381297,0.45154864
2018-02-06,0.410030988178584,0.4476495856274359,0.4469310266462542,0.4445393,0.45147842
2018-02-07,0.40787329278090206,0.4208382294933913,0.4222110290410869,0.419712,0.42059165
2018-02-08,0.4056696889705042,0.41615158848394795,0.420126990450318,0.41433454,0.41399324
2018-02-09,0.4059451394468038,0.41142840679872855,0.4179973750230319,0.40883297,0.40745488
2018-02-11,0.41700906691151174,0.41095323572351433,0.4182860615788071,0.40733546,0.4072382
2018-02-12,0.4292207046941354,0.42043812552618487,0.4291135513641686,0.41562253,0.4165783
2018-02-13,0.4555032709744059,0.4328414349406433,0.44105707068725575,0.42754537,0.42992187
2018-02-14,0.463445426374383,0.4623018001199688,0.4667343481424229,0.4546175,0.46555355
2018-02-15,0.44081257890508435,0.47016087234495246,0.4744859355830599,0.4627565,0.47324017
2018-02-16,0.4425570985883166,0.4447290470343739,0.45237188641485876,0.43804705,0.4437682
2018-02-18,0.43991736485711047,0.44461431366873466,0.4540850300393309,0.43811566,0.44164225
2018-02-19,0.42502008493056337,0.44307581382559674,0.4515137612094563,0.4362502,0.44146347
2018-02-20,0.4124182256398487,0.4282136387419951,0.4369670828557765,0.42185795,0.42581588
2018-02-21,0.42279352691380734,0.41722774499109855,0.42466247062240453,0.40998387,0.4170369
2018-02-22,0.41547113508550454,0.4280324201780357,0.43480650216275396,0.42151898,0.42777178
2018-02-23,0.4142316079421551,0.4241305426484852,0.4276504325051633,0.41832817,0.42641303
2018-02-25,0.42033742683346714,0.42304337090614325,0.4264366050470736,0.4173175,0.425376
2018-02-26,0.3999081831745668,0.4299775187271404,0.4324000251583957,0.42458183,0.4329507
2018-02-27,0.3920119361873061,0.4079697925068917,0.4124403888636774,0.4010991,0.4103699
2018-02-28,0.41026053024216724,0.39880301766518195,0.404731965450151,0.39068466,0.40099242
2018-03-01,0.4211867324687247,0.41576532823601237,0.42256910511132684,0.4078787,0.41684818
2018-03-02,0.42095719040514185,0.42458803464995687,0.43325677543958613,0.4166239,0.42388344
2018-03-04,0.425295535406863,0.42438194286321523,0.4330483714191594,0.4164974,0.42360005
2018-03-05,0.4434293584299323,0.4311438287713869,0.43728780311904664,0.42522126,0.43092242
2018-03-06,0.442671869620108,0.4496697083093905,0.4549975380236457,0.4442683,0.4497433
2018-03-07,0.41845518191208575,0.44881154461775036,0.4542471278927867,0.44270235,0.44948515
2018-03-08,0.4178583725467692,0.42524176986149625,0.43057895157133563,0.41874027,0.4264061
2018-03-09,0.4188454034201768,0.42652627373551594,0.4299876554255267,0.42078435,0.4288068
2018-03-11,0.4257316653276713,0.42563754575078444,0.43094522525741935,0.41947567,0.42649174
2018-03-12,0.43821875358659457,0.4338568736483405,0.43766343276791286,0.42806607,0.4358411
2018-03-13,0.43406404223573986,0.4468070340675728,0.449847809232061,0.4398501,0.4507232
2018-03-14,0.4183404108802939,0.44097340271526936,0.44577104346914187,0.43476015,0.442389
2018-03-15,0.4143693331803056,0.42819742375817627,0.4303917591037372,0.4245577,0.42964283
2018-03-16,0.4124870882589233,0.42587041734460246,0.426497724020578,0.42308128,0.42803225
2018-03-18,0.425295535406863,0.42104225904074566,0.4246607884862201,0.4182691,0.4201969
2018-03-19,0.40502697119247133,0.43253483427401007,0.4371759907256252,0.42881334,0.43161517
2018-03-20,0.42754504762997814,0.4120866358381971,0.4173807800121499,0.40928322,0.4095959
2018-03-21,0.4224033054057154,0.4336641762407973,0.43938962630997724,0.42902237,0.43258053
2018-03-22,0.42889934580511896,0.4260611415683933,0.43437960171094786,0.42139906,0.42240477
2018-03-23,0.42933547572592723,0.43284581087864216,0.44073858806004457,0.4275204,0.43027845
2018-03-25,0.45300126248135025,0.43655508088588607,0.441163013205525,0.43069452,0.4378077
2018-03-26,0.4418684723975673,0.4624082659807332,0.46427494738296504,0.45501655,0.4679333
2018-03-27,0.41978652588086746,0.4493501605381363,0.4533897703259569,0.44223183,0.45242888
2018-03-28,0.41733042580052776,0.4256388221577669,0.43182035517569317,0.42136252,0.4237336
2018-03-29,0.4215080913577411,0.42147336433565735,0.4294364461373126,0.41623604,0.4187476
2018-03-30,0.41978652588086746,0.42647910473527734,0.4335326062972016,0.42066264,0.42524207
2018-04-01,0.41533340984735495,0.42721762121746987,0.4318587440559283,0.42149973,0.4282944
2018-04-02,0.4118902788936077,0.423213893605281,0.4275149835139784,0.41715825,0.42496845
2018-04-03,0.41397911167221413,0.4196354577996632,0.4241501480514708,0.4131869,0.42156932
2018-04-04,0.4050958338115459,0.420034794468014,0.4261968983958023,0.4128707,0.42103678
2018-04-05,0.4121427751635491,0.41360934839449204,0.41751576262122025,0.40677088,0.4165414
2018-04-06,0.4102375760358086,0.4179053329477636,0.42440829367933514,0.41026407,0.41904363
2018-04-08,0.4216458165958911,0.41680056764731005,0.42255320888904324,0.40913516,0.41871333
2018-04-09,0.43130953747274187,0.42849710768695964,0.4337053354452935,0.4224447,0.4293413
2018-04-10,0.433421324457707,0.43902273728314706,0.4431519435007474,0.4339934,0.43992287
2018-04-11,0.4236887409617812,0.43837933837109594,0.4452250927309331,0.4332794,0.43663353
2018-04-12,0.4233903362791234,0.42924743138948657,0.43572048077582054,0.4229039,0.42911792
2018-04-13,0.4241707792953059,0.43251870863194153,0.4354212520287897,0.42795414,0.43418074
2018-04-15,0.4361299208079881,0.4331803081650553,0.4361721152719909,0.42807108,0.43529773
2018-04-16,0.43353609548949834,0.44429175539498506,0.4478396321441227,0.4377501,0.44728553
2018-04-17,0.4349363020773555,0.44134375291627004,0.4452896963823245,0.43467683,0.44406474
2018-04-18,0.42678755882015385,0.4430290854849135,0.44663953688076596,0.436386,0.44606173
2018-04-19,0.41338230230689804,0.4347584587222831,0.4386614983935643,0.4294874,0.43612647
2018-04-20,0.4108802938138415,0.4208787856189203,0.42555662324660776,0.41737187,0.41970786
2018-04-22,0.3960748307127281,0.4196815619397321,0.42310694740061733,0.41659892,0.41933882
2018-04-23,0.40250200849305656,0.40394635320206634,0.40864405991137476,0.40040898,0.40278602
2018-04-24,0.3872145070584185,0.41057299002140124,0.41492421698955767,0.40751076,0.409284
2018-04-25,0.37286812808447145,0.3936792662185697,0.3999951632148826,0.3879506,0.39309204
2018-04-26,0.3776885114197173,0.37780046149412577,0.38599123610019054,0.3684661,0.37894404
2018-04-27,0.3761964880064274,0.3825629559183141,0.390714081234938,0.3730932,0.3838816
2018-04-29,0.3667623091931599,0.38191922156950664,0.38926874545040224,0.37281156,0.38367736
2018-04-30,0.34598875243888444,0.37343096455639424,0.38006698252874077,0.36401027,0.37621564
2018-05-01,0.33666934465740833,0.35467450921452404,0.35978621556509605,0.34447217,0.35976514
2018-05-02,0.34543785148628475,0.34789278747276825,0.3507064176093448,0.33596838,0.35700357
2018-05-03,0.3377252381498909,0.35746772878626887,0.3592970905679435,0.34645748,0.3666486
2018-05-04,0.33761046711809906,0.34987337867794716,0.3517832303159918,0.3403718,0.35746512
2018-05-06,0.33269826695742005,0.34999755873303723,0.35168924492660497,0.34204343,0.35626
2018-05-07,0.31754849076093195,0.3437150765150588,0.3468986298709516,0.337995,0.3462516
2018-05-08,0.3128658326638357,0.3229054893232823,0.33210154926104557,0.3209654,0.3156495
2018-05-09,0.32824515092390705,0.31756878742150174,0.32752707149302085,0.31601202,0.30916727
2018-05-10,0.33416733616435224,0.33676929374956055,0.34255597294637463,0.33376735,0.33398455
2018-05-11,0.3371284287845744,0.3475042217897935,0.3483367067359578,0.34067225,0.3535037
2018-05-13,0.33219327441753715,0.35221244801086127,0.3512200984061343,0.34490335,0.3605139
2018-05-14,0.30680592218524005,0.34590270373674076,0.3463924900726031,0.3382989,0.35301673
2018-05-15,0.3054975324228165,0.31593536522308,0.3215892072415057,0.31161982,0.31459707
2018-05-16,0.29985079765867095,0.31523159630423336,0.3203088786401018,0.31076583,0.31462008
2018-05-17,0.2950074601170665,0.30962307906923353,0.3147906260722177,0.304773,0.3093056
2018-05-18,0.29413520027545037,0.3043178152454316,0.3100571427978336,0.29933664,0.30355966
2018-05-20,0.2998278434523128,0.302559418636777,0.30920530306761845,0.29787013,0.30060282
2018-05-21,0.29934580511878767,0.31085552556418317,0.3147636587352436,0.30559057,0.31221235
2018-05-22,0.2812808447147943,0.3104019873522286,0.3142876664348139,0.3053497,0.3115686
2018-05-23,0.2842189831286587,0.2888429058756557,0.2966343442100664,0.28394932,0.28594506
2018-05-24,0.2672099162171465,0.2933560894252111,0.29950469324626006,0.28797778,0.2925858
2018-05-25,0.27652932399862257,0.27301262947328697,0.2828851977708283,0.2684856,0.26766708
2018-05-27,0.26222885343739294,0.2830877679589016,0.2919937008627126,0.27846247,0.27880713
2018-05-28,0.2418914266039253,0.26565802970974933,0.278026368601599,0.26128414,0.25766358
2018-05-29,0.2710662228853439,0.24196218984685025,0.2581631105351949,0.23913604,0.22858742
2018-05-30,0.27740158384023916,0.2729458166096647,0.2866732635897515,0.27049056,0.26167363
2018-05-31,0.26964306209112804,0.28470387394299396,0.29285065338225025,0.2794376,0.28182337
2018-06-01,0.27166303225065996,0.27672872566672874,0.2852597124425385,0.27189088,0.2730356
2018-06-03,0.27919201193618737,0.2797760699106087,0.2872218292691798,0.27546173,0.27664465
2018-06-04,0.28518305979570757,0.28854541137635303,0.294563327873337,0.28391767,0.28715524
2018-06-05,0.29785378170549726,0.2953248851988007,0.3003985385576753,0.28970915,0.29586697
2018-06-06,0.3005623780557789,0.308362582789073,0.31276142438116566,0.3038748,0.30845153
2018-06-07,0.29447951337082545,0.3101639092829617,0.31538925792777317,0.30655313,0.30854934
2018-06-08,0.2985883163089638,0.30282192110925327,0.30942558288304245,0.29888383,0.30015635
2018-06-10,0.2958338115459654,0.30637951633764793,0.3134186548421826,0.30216625,0.30355364
2018-06-11,0.2900952599563871,0.30332643620066563,0.31070374941506157,0.29843482,0.30084074
2018-06-12,0.30288075289796856,0.2958641100893,0.3050759580640731,0.289212,0.29330438
2018-06-13,0.24781361184437004,0.31076204270058777,0.31754513054889155,0.3053892,0.3093518
2018-06-14,0.2575921037530126,0.2507648445973069,0.26373218828715994,0.24170133,0.24686101
2018-06-15,0.25463101113279,0.2607329040047753,0.2732897249690377,0.2516544,0.2572546
2018-06-17,0.26307815907265,0.2580178694810101,0.27040705588031666,0.24961635,0.2540302
2018-06-18,0.2535062550212329,0.2668241754250171,0.2786681041349297,0.25837153,0.2634329
2018-06-19,0.25102720073453455,0.25739404641484925,0.26932394751595584,0.24937692,0.25348127
2018-06-20,0.25722483645127936,0.2555055351717643,0.2669147794435536,0.24798901,0.2516128
2018-06-21,0.269115115344887,0.2622678787718398,0.2729831371337721,0.25481722,0.25900328
2018-06-22,0.27001032939286085,0.27490176925390736,0.2846144190230898,0.26782316,0.27226773
2018-06-24,0.2793985997934124,0.2764656248627491,0.2855021366293392,0.2695704,0.27432433
2018-06-25,0.2675542293125216,0.2864756395088126,0.2946840851505071,0.28044787,0.28429496
2018-06-26,0.2477217950189373,0.27451197694586993,0.2831224319591307,0.26781002,0.27260348
2018-06-27,0.24783656605072865,0.2535154384848664,0.26376225426113314,0.24857101,0.24821305
2018-06-28,0.27568001836336553,0.2535271238775032,0.26389276727765115,0.2498323,0.2468563
2018-06-29,0.27427981177550836,0.28383807633072333,0.29111243169755324,0.27894706,0.28145474
2018-07-01,0.26576380121657295,0.2838975950898196,0.2897289588515358,0.27805004,0.2839138
2018-07-02,0.26975783312291945,0.273178498696781,0.28139239773600344,0.2665192,0.2716239
2018-07-03,0.2700332835992195,0.27677633186827827,0.28527837457212,0.27025333,0.2747973
2018-07-04,0.2773097670148051,0.2763863493789586,0.2855328291026808,0.2697605,0.27386573
2018-07-05,0.28938367955927913,0.2834821378455285,0.2926228449540507,0.27779955,0.28002402
2018-07-06,0.2910593366234364,0.2966242052158988,0.3043977370981205,0.29170263,0.29377225
2018-07-08,0.29204636749684393,0.29762450760561093,0.3060138197528679,0.29189143,0.29496828
2018-07-09,0.2855962355101572,0.2978772549220324,0.3069631839956045,0.29138774,0.29528084
2018-07-10,0.27343050614024994,0.2902243784538532,0.3006497476910425,0.2825089,0.28751448
2018-07-11,0.270882589234477,0.2766964946709494,0.288760129965073,0.26765057,0.27367878
2018-07-12,0.27558820153793145,0.2739616499247577,0.2862681346840936,0.26477057,0.27084625
2018-07-13,0.2742109491564329,0.2792690303331828,0.2908548731822419,0.27086452,0.2760877
2018-07-15,0.28125789050843564,0.27737694193663187,0.28949803739017216,0.2683866,0.2742462
2018-07-16,0.2684035349477791,0.284412280227387,0.29637895675195475,0.27513748,0.2817204
2018-07-17,0.26654424423275586,0.27091348969870527,0.2838331998566902,0.26104012,0.26786715
2018-07-18,0.26872489383679554,0.26942025414562876,0.28202989075948764,0.25999603,0.26623484
2018-07-19,0.28369103638241716,0.2721092400768081,0.28417125279268013,0.26320583,0.26895064
2018-07-20,0.28844255709858796,0.28833336442163354,0.2987978699639668,0.2806183,0.2855839
2018-07-22,0.2776770343165388,0.29347764117958086,0.30344348142868094,0.28609234,0.2908971
2018-07-23,0.27563410995064824,0.28206437634258913,0.29293330928174993,0.27418584,0.27907398
2018-07-24,0.2878916561459883,0.2803267284966931,0.29095022223515077,0.27291447,0.2771155
2018-07-25,0.26626879375645623,0.29325991683608227,0.3029284123601297,0.28641132,0.29044002
2018-07-26,0.2690692069321702,0.271003552249254,0.2818110524749196,0.26335204,0.26784757
2018-07-27,0.2698037415356363,0.27387866044130005,0.2845520873095416,0.26647693,0.27060696
2018-07-29,0.2808217605876278,0.2746423542528125,0.2852713346567072,0.2673537,0.271302
2018-07-30,0.2766670492367726,0.2861891777666936,0.29603278379217673,0.27962714,0.2829076
2018-07-31,0.2707219097899688,0.28157160339826254,0.2919682162426087,0.27457768,0.27816892
2018-08-01,0.25279467462412497,0.27547298633924605,0.2861604620179975,0.26799548,0.27226302
2018-08-02,0.2486629174796284,0.25756280334844023,0.2686510000244923,0.25001603,0.25402138
2018-08-03,0.24740043612992083,0.2536524993712985,0.26461966709354034,0.2461605,0.25017732
2018-08-05,0.24657408470102107,0.25263047781784614,0.26339715919492496,0.24542384,0.24907044
2018-08-06,0.25690347756226334,0.25230094036252937,0.2626052272555721,0.24575472,0.24854288
2018-08-07,0.25834959256283735,0.2630275271482795,0.27271258298979084,0.25620943,0.26016057
2018-08-08,0.23879260874555266,0.2648287689716708,0.2741327214333686,0.25794378,0.2624098
2018-08-09,0.2123952714334903,0.244758027966778,0.2550364976404921,0.24075577,0.23848182
2018-08-10,0.20908986571789306,0.21804670961233333,0.22926483963526356,0.21375135,0.21112394
2018-08-12,0.21042120968667477,0.21514062039711135,0.22604700781876017,0.21104407,0.20833078
2018-08-13,0.19807184666590152,0.216248178535292,0.22735945598360732,0.21156216,0.20982292
2018-08-14,0.19692413634798578,0.2033887679849531,0.21530535086228414,0.19805886,0.1968021
2018-08-15,0.20385630666819668,0.19951332282613513,0.21420364593240018,0.19510081,0.18923551
2018-08-16,0.21902903707104293,0.2040453685181177,0.2209934094121564,0.2011565,0.1899862
2018-08-17,0.2190060828646852,0.21887564152925354,0.2358253148331982,0.21614674,0.20465487
2018-08-19,0.2314013542981748,0.2212953017879007,0.23579344055905269,0.21708117,0.21101129
2018-08-20,0.2507058418455181,0.23585848272965562,0.2478894371129934,0.23155001,0.228136
2018-08-21,0.25295535406863323,0.2564400198406106,0.26672791312519484,0.2512037,0.25138846
2018-08-22,0.24290141168369103,0.25899135992186123,0.2689027167933242,0.25394815,0.2541232
2018-08-23,0.2609434178813267,0.24833432994349916,0.2590638447423017,0.2445549,0.24138424
2018-08-24,0.26659015264547226,0.2678672143676695,0.2766764369186215,0.26089412,0.2660311
2018-08-26,0.2755193389188573,0.27284852110147867,0.2821668220400927,0.26653683,0.2698419
2018-08-27,0.27763112590382244,0.28284526734936605,0.29086643068159734,0.27903634,0.27863303
2018-08-28,0.28132675312751065,0.28458684469859813,0.2929037447452848,0.2799546,0.28090218
2018-08-29,0.2712498565362098,0.28800088067037927,0.2964880734438617,0.28275633,0.28475824
2018-08-30,0.2561689429587977,0.27619826962211397,0.2866166284578641,0.26967627,0.2723019
2018-08-31,0.2557787214507058,0.2587208324324242,0.2718612473163461,0.24975452,0.25454673
2018-09-02,0.25940548605531943,0.2577871774877279,0.2714647934571412,0.2479355,0.25396124
2018-09-03,0.25327671295764964,0.26114352516044037,0.27499860440817053,0.25069734,0.25773463
2018-09-04,0.2641340525651325,0.2544776836043652,0.26900468439044234,0.24317998,0.2512484
2018-09-05,0.26078273843681843,0.2658689140500534,0.2796127853458847,0.25535393,0.26264003
2018-09-06,0.2452197865258807,0.26207614866628026,0.27634832047622726,0.25106865,0.25881147
2018-09-07,0.2472168024790544,0.24716746710726387,0.26116376826133625,0.2369115,0.24342713
2018-09-09,0.2547457821645819,0.24966648968810565,0.2631349638925411,0.24012746,0.24573705
2018-09-10,0.2552048662917484,0.25795476146796825,0.2705100330191697,0.24893272,0.25442153
2018-09-11,0.2620452197865256,0.25889745354889676,0.2709783613752974,0.2505622,0.2551518
2018-09-12,0.27714908757029727,0.26642227376333233,0.27767766132448185,0.2585462,0.26304296
2018-09-13,0.26144841042121,0.28206225111739985,0.2924387417631494,0.27505672,0.2786913
2018-09-14,0.26160908986571774,0.2664677310242247,0.2771095658105587,0.25898814,0.2633055
2018-09-16,0.27196143693331776,0.2671198963388861,0.277278607864696,0.25973892,0.26434216
2018-09-17,0.27402731550556647,0.2775124971901282,0.28739472175684705,0.27100605,0.27413672
2018-09-18,0.27322391828302534,0.27961912907326275,0.28940937391412414,0.27331215,0.27613586
2018-09-19,0.29652243773671555,0.2785550174318921,0.28862074530219173,0.27194017,0.27510414
2018-09-20,0.29004935154367023,0.30478154806078267,0.31137663685622197,0.30030727,0.30266073
2018-09-21,0.29032480201996985,0.2967285986195792,0.3050435112270085,0.29122585,0.29391643
2018-09-23,0.29119706186158595,0.2967883067758426,0.30530158204780383,0.29095477,0.29410857
2018-09-24,0.29360725352920936,0.297996075738904,0.30613434848021603,0.292396,0.29545787
2018-09-25,0.289957534718237,0.30042623438192506,0.3084682511613697,0.29445145,0.298359
2018-09-26,0.2645013198668653,0.29553954371606184,0.30488814618572213,0.28856358,0.2931669
2018-09-27,0.2566739354986801,0.2667329291344887,0.2800138532642145,0.2567733,0.26341164
2018-09-28,0.2574314243085044,0.2591213702181016,0.27237505287499275,0.24922734,0.2557617
2018-09-30,0.25093538390910086,0.26068437254582216,0.2731362925813905,0.25191593,0.2570009
2018-10-01,0.2448295650177897,0.2545146459611502,0.26680393942363456,0.24626435,0.25047565
2018-10-02,0.22786640651899479,0.24897183880100224,0.26084837034015573,0.2415295,0.24453765
2018-10-03,0.23725467691954547,0.2342097172803317,0.2442925154169304,0.22775577,0.23058087
2018-10-04,0.23727763112590364,0.243158873595105,0.253486042253096,0.23704852,0.23894206
2018-10-05,0.23874670033283582,0.24347773084719856,0.253527339985367,0.23787448,0.23903137
2018-10-07,0.2319293010444163,0.24498721414477176,0.2549855248233839,0.24020672,0.2397694
2018-10-08,0.23433949271203966,0.23809952839988882,0.2483464272254233,0.23445168,0.23150048
2018-10-09,0.24085848731780093,0.24028553477763323,0.2507211688709017,0.23641242,0.23372301
2018-10-10,0.25394238494204074,0.24658265334753557,0.25710760421718254,0.24221635,0.240424
2018-10-11,0.24639045105015508,0.2595447755229406,0.2699054349577225,0.25430703,0.25442186
2018-10-12,0.24485251922414789,0.2511539741669631,0.262536759470265,0.24648362,0.24444154
2018-10-14,0.2522896820842417,0.2500748455882323,0.26102807234533193,0.24514474,0.24405172
2018-10-15,0.25077470446459355,0.2581567393858437,0.26827601406550533,0.25302958,0.25316462
2018-10-16,0.23353609548949858,0.25643711989280976,0.2667763145314871,0.2517996,0.25073543
2018-10-17,0.22270171008837344,0.23919472212560444,0.24992123588822693,0.2364243,0.23123863
2018-10-18,0.23654309652243796,0.22880179113604696,0.23933528144532654,0.22560716,0.22146294
2018-10-19,0.23569379088718004,0.24234161089557885,0.25285054179127453,0.23849678,0.23567751
2018-10-21,0.22515781016871364,0.24152994436743302,0.25201127775676385,0.23764548,0.23493308
2018-10-22,0.22653506255021216,0.23149940736322852,0.2417147269019262,0.22834197,0.22444153
2018-10-23,0.21005394238494193,0.23283734354195898,0.2430594394450756,0.2296538,0.22579879
2018-10-24,0.20465970389073782,0.2171698260892141,0.22695495146176453,0.21347389,0.21108064
2018-10-25,0.21081143119476622,0.2120366724820328,0.22168702855449685,0.20868742,0.20573556
2018-10-26,0.20987030873407553,0.21775051497785627,0.22769926617647354,0.21402004,0.21153224
2018-10-28,0.20470561230345463,0.2165296191644254,0.22678490420329053,0.21293898,0.20986497
2018-10-29,0.19777344198324281,0.21142673753678373,0.22174643763838922,0.2079197,0.20461407
2018-10-30,0.19070354642488233,0.20444239119545102,0.21498837887810107,0.20061404,0.19772476
2018-10-31,0.21094915643291673,0.19679947105853043,0.20810228311444165,0.19196498,0.19033115
2018-11-01,0.20711580397107798,0.2157206887936036,0.2278991207288027,0.21030638,0.20895657
2018-11-02,0.20977849190864234,0.21203976953913503,0.2241558159854928,0.20688474,0.20507875
2018-11-04,0.21223459198898206,0.2153985705513669,0.22675048009720833,0.210488,0.20895723
2018-11-05,0.21974061746815085,0.2177854366786545,0.22914929321028757,0.2125373,0.21166971
2018-11-06,0.2177895099276944,0.22537620576269204,0.23647981023927858,0.22076005,0.21888876
2018-11-07,0.20296109262022236,0.22364555556745266,0.2345588135472219,0.2201631,0.21621475
2018-11-08,0.1952255250774708,0.20979114976074553,0.2200639130635934,0.20587006,0.20343947
2018-11-09,0.1928153334098474,0.20258682435833533,0.2125038047457671,0.19890472,0.19635195
2018-11-11,0.16981521863881546,0.20041102328924354,0.2101479220100646,0.19689047,0.19419467
2018-11-12,0.18987719499598302,0.1778860735859963,0.18767757653191477,0.17434317,0.17163748
2018-11-13,0.19015264547228308,0.19742356415406914,0.20727894234109084,0.19397241,0.19101934
2018-11-14,0.192953058647997,0.19791732918363344,0.20754235062424936,0.1946937,0.19151594
2018-11-15,0.2145759210375304,0.20093047951021073,0.21026868624562856,0.19768372,0.19483903
2018-11-16,0.21345116492597238,0.2212459568377668,0.23137835389266437,0.21780059,0.21455893
2018-11-18,0.2227246642947321,0.22035942587665971,0.2302663658086138,0.21690056,0.21391135
2018-11-19,0.20392516928727217,0.22952638625789046,0.23931315719152563,0.22466262,0.22460338
2018-11-20,0.20766670492367723,0.2122476911769854,0.2209363628108939,0.20844823,0.20735848
2018-11-21,0.21092620222655808,0.215483762137334,0.22458668742251536,0.21111712,0.21074748
2018-11-22,0.19552392976012858,0.21840743817373517,0.22776799194468264,0.21342462,0.2140297
2018-11-23,0.19596005968093644,0.20429729573450026,0.21272293187742036,0.20100203,0.19916692
2018-11-25,0.1949730288075289,0.20517656946352417,0.21314629149947453,0.20173606,0.20064735
2018-11-26,0.1866636061058185,0.20456056883801688,0.21217325600593295,0.20097673,0.20053172
2018-11-27,0.20284632158843097,0.19676373432355151,0.20404683143726066,0.19376035,0.19248402
2018-11-28,0.20858487317800975,0.2110023311606796,0.21984589452497705,0.20640099,0.20676011
2018-11-29,0.19113967634569018,0.21604443827553346,0.22544258055936556,0.210387,0.21230373
2018-11-30,0.19703890737977717,0.2009428293636384,0.20839791033594085,0.19720462,0.19722596
2018-12-02,0.19979341214277516,0.20616224275082393,0.2141630013600005,0.20185092,0.2024728
2018-12-03,0.19710776999885218,0.208471787595919,0.21686159856370454,0.20418935,0.20436442
2018-12-04,0.1985538849994262,0.20609798894583461,0.2142477293687844,0.20231399,0.20173225
2018-12-05,0.20477447492252965,0.20733775145670053,0.21567389210642202,0.20370792,0.20263144
2018-12-06,0.20477447492252965,0.21294224593120903,0.2217516700350669,0.20860186,0.2084732
2018-12-07,0.21021462182945017,0.21295996752516888,0.22174990913678597,0.208549,0.208581
2018-12-09,0.20018363365086664,0.21749918457278963,0.2270598201873707,0.21239077,0.21304697
2018-12-10,0.19233329507632274,0.20895219800501433,0.2172578113564661,0.20488761,0.20471117
2018-12-11,0.20401698611270536,0.2020945402850234,0.20959144916222203,0.19873549,0.19795668
2018-12-12,0.20183633650866525,0.21211109863204877,0.2210045697236991,0.20775639,0.20757234
2018-12-13,0.1884081257890508,0.2101805756529538,0.21886722744714274,0.20592234,0.20575216
2018-12-14,0.18831630896361806,0.19815275545718367,0.20575520324117222,0.19508715,0.19361591
2018-12-16,0.19869161023757578,0.19749715485838074,0.20567815180620605,0.19447903,0.19233428
2018-12-17,0.20477447492252965,0.20774891186645325,0.21581206348212645,0.20411819,0.20331648
2018-12-18,0.20723057500286893,0.21279518485960167,0.22174786570360663,0.20843366,0.20820403
2018-12-19,0.22329851945368995,0.2148029523698496,0.22413975525140972,0.21000293,0.21026617
2018-12-20,0.20307586365201422,0.2294137944940593,0.23982622330303974,0.22289455,0.22552061
2018-12-21,0.20397107769998854,0.2112385939024091,0.2200622291750313,0.20637825,0.2072753
2018-12-23,0.21021462182945017,0.2120556806557161,0.2209419831731266,0.20722356,0.2080015
2018-12-24,0.213336393894181,0.21739447620192845,0.2270449252927208,0.2119149,0.2132236
2018-12-25,0.20117066452427415,0.22025776687193002,0.23010080405855443,0.21477827,0.21589422
2018-12-26,0.21730747159416974,0.2097618231431916,0.2182160911727771,0.20544969,0.2056197
2018-12-27,0.21983243429358407,0.2239888113815773,0.23397246065115587,0.21773583,0.22025815
2018-12-28,0.21925857913462662,0.2263660240693437,0.23643249527321658,0.21994844,0.22271714
2018-12-30,0.2247216802479058,0.2256881742098262,0.23586447489807902,0.21916232,0.22203773
2018-12-31,0.2243773671525307,0.22973142609694866,0.24118314819631784,0.22281182,0.22519931
2019-01-01,0.19015264547228308,0.22897889752956127,0.24082554995333835,0.22123727,0.22487387
2019-01-02,0.20801101801905186,0.19998348568507543,0.20739340229715436,0.19532745,0.19722961
2019-01-03,0.20902100309881758,0.21540767952573683,0.2248500885001537,0.20903578,0.21233717
2019-01-04,0.21267072190979036,0.216399905263284,0.22584380858808506,0.2100029,0.21335301
2019-01-06,0.22844026167795223,0.219739545156027,0.22941892972429134,0.21303698,0.21676272
2019-01-07,0.22345919889819818,0.23324870706135592,0.24481723131342414,0.22616546,0.22876343
2019-01-08,0.24570182485940537,0.22873688030182693,0.2399395492058806,0.22155651,0.22471458
2019-01-09,0.2351428899345808,0.24815345850997603,0.26166260383765205,0.23909768,0.24370009
2019-01-10,0.22538735223229642,0.23865499552640412,0.25134067107895297,0.23005381,0.2345705
2019-01-11,0.2240330540571565,0.22987034577486024,0.24180290574899632,0.22174065,0.22606748
2019-01-13,0.22699414667737866,0.22904978204989165,0.240482926643602,0.22131869,0.22534773
2019-01-14,0.21356593595776424,0.23180488150431197,0.2433815718028986,0.22408587,0.2279472
2019-01-15,0.210191667623092,0.22009574175946445,0.2302713483891645,0.21307696,0.21693891
2019-01-16,0.20849305635257653,0.2176259844544832,0.22699017496207474,0.21100722,0.21488056
2019-01-17,0.20146906920693197,0.21611528581470463,0.2253476377156441,0.2102648,0.21273342
2019-01-18,0.20229542063583172,0.20988166953505125,0.21848161892238394,0.20483339,0.20633
2019-01-20,0.2031676804774474,0.21067815597684278,0.21929808186981353,0.20579132,0.20694506
2019-01-21,0.2019051991277398,0.2114710435445876,0.22016245877020693,0.20681643,0.20743424
2019-01-22,0.20713875817743618,0.21051506576641688,0.2189417146952238,0.20627676,0.20632672
2019-01-23,0.19026741650407403,0.21506668405918328,0.2240762197133317,0.21096492,0.21015891
2019-01-24,0.21106392746470812,0.1984384179448817,0.2076121182250183,0.19538489,0.19231825
2019-01-25,0.21324457706874778,0.21785604543142054,0.22795078416623266,0.21415333,0.21146402
2019-01-27,0.21707792953058652,0.21971767598115335,0.23009152572521366,0.21609885,0.21296266
2019-01-28,0.218317456673935,0.22331450137847067,0.23383548120717418,0.2202042,0.21590382
2019-01-29,0.22990933088488444,0.22458904188007023,0.2350422054865928,0.22150095,0.21722397
2019-01-30,0.2213933203259499,0.23603273854762039,0.24636031467049482,0.2325857,0.2291522
2019-01-31,0.2228853437392403,0.2280513621623436,0.23803012885305858,0.22459239,0.22153157
2019-02-01,0.22279352691380666,0.22962421670774005,0.23947618887482233,0.2252143,0.22418216
2019-02-03,0.21834041088029366,0.2295340747974288,0.23937346081196412,0.2243768,0.22485197
2019-02-04,0.21232640881441528,0.2251438038631092,0.23500831040257536,0.21985355,0.22056955
2019-02-05,0.2024331458739813,0.2193166854080151,0.2291171229173513,0.21398182,0.21485111
2019-02-06,0.1961436933318033,0.21077154476082327,0.21944065089929113,0.20611951,0.20675448
2019-02-07,0.19212670721909816,0.20533669622868275,0.21329139566808858,0.20124933,0.20146936
2019-02-08,0.1928153334098474,0.20150482934914427,0.20936768597967612,0.19801329,0.19713351
2019-02-10,0.18244003213588877,0.20250465592461933,0.21004227163547606,0.19873706,0.19873464
2019-02-11,0.19508779983932076,0.19221611520511162,0.19991246464437998,0.18940066,0.18733522
2019-02-12,0.17924939745208293,0.2042642733107518,0.21227808316067184,0.20077617,0.19973856
2019-02-13,0.18615861356593566,0.18848407138373105,0.19682035949783472,0.18579802,0.18283384
2019-02-14,0.18565362102605323,0.19472435747904715,0.2035896073378067,0.19183618,0.18874729
2019-02-15,0.18618156777229383,0.19359689728911791,0.2031174831538223,0.19056293,0.18711028
2019-02-17,0.18999196602777488,0.19393852434322256,0.20364916568294225,0.19101742,0.18714899
2019-02-18,0.1965339148398943,0.1973597660320212,0.20738507946050458,0.19403964,0.19065458
2019-02-19,0.19795707563411014,0.20351862686815017,0.2137864463908122,0.19952193,0.1972475
2019-02-20,0.19651096063353612,0.2048815294465084,0.21518099437971683,0.2006005,0.19886309
2019-02-21,0.19469757833122883,0.20365615175146692,0.2137661721104036,0.19954696,0.19765532
2019-02-22,0.19701595317341944,0.20231542433417918,0.2119833214615906,0.19878419,0.19617876
2019-02-24,0.2022265580167567,0.2050375529169072,0.2142315173265425,0.20182094,0.1990602
2019-02-25,0.20872259841615978,0.21024367316929618,0.21929809762144442,0.20717803,0.2042549
2019-02-26,0.20562378055778716,0.2163231239831155,0.22561906758418848,0.21187371,0.2114766
2019-02-27,0.20413175714449674,0.21339706039139714,0.22256624566641706,0.20867859,0.20894635
2019-02-28,0.2019051991277398,0.21209435438141308,0.22109248563722014,0.20710605,0.20808452
2019-03-01,0.2045678870653046,0.21031532551554766,0.2188981880458572,0.20485716,0.20719063
2019-03-03,0.19568460920463682,0.2122987036175407,0.22148088343944458,0.20628366,0.20913157
2019-03-04,0.18875243888442544,0.2048808022282285,0.21279330073051528,0.19934614,0.20250297
2019-03-05,0.19033627912314904,0.19894165583829385,0.20601985717953156,0.19410153,0.19670358
2019-03-06,0.16396189601744482,0.2003427830995912,0.20756981899195753,0.19539548,0.19806305
2019-03-07,0.17155973832204774,0.17515554689973914,0.18180753778249986,0.17341559,0.17024352
2019-03-08,0.17165155514748093,0.1822235642495326,0.18924223143535018,0.17988712,0.17754135
2019-03-10,0.17798691610237577,0.1823926638773574,0.1893440846239011,0.18022044,0.17761347
2019-03-11,0.1842763686445538,0.18842776717275936,0.1955471814134883,0.18591198,0.18382414
2019-03-12,0.194330311029496,0.19435669019783966,0.20170372828738195,0.19151622,0.18985012
2019-03-13,0.18884425570985866,0.20379291307597938,0.21153823529689258,0.200246,0.1995945
2019-03-14,0.19288419602892243,0.19817792154048938,0.2061893724410253,0.19520022,0.19314417
2019-03-15,0.19178239412372305,0.20196740537399205,0.21014558403236125,0.19873796,0.19701867
2019-03-17,0.19563870079191997,0.20079816112698656,0.20907326727454492,0.19759828,0.19572294
2019-03-18,0.1998163663491338,0.20471079989683308,0.2128395093802118,0.20133984,0.19995305
2019-03-19,0.21684838746700283,0.20869547958510495,0.21691739068440727,0.2050646,0.20410445
2019-03-20,0.20429243658900498,0.22365587667930995,0.23354633797135568,0.21827751,0.21914378
2019-03-21,0.18746700332835964,0.21221393650113649,0.2212608547609778,0.20756191,0.20781904
2019-03-22,0.1863422472168025,0.19751657296182465,0.20481228080277888,0.19426353,0.1934739
2019-03-24,0.19084127166303236,0.1969011887425006,0.20370555356556783,0.19339634,0.19360167
2019-03-25,0.18136118443704757,0.200813087039324,0.2080953038130174,0.19677967,0.19756429
2019-03-26,0.17638012165729355,0.1921795626362223,0.1988310426116164,0.18902004,0.18868761
2019-03-27,0.17126133363938903,0.1873612031607089,0.1939719841683678,0.18495226,0.18315937
2019-03-28,0.16852978308275013,0.1823495519543037,0.1889812476588324,0.18040022,0.17766719
2019-03-29,0.16972340181338272,0.17917117042066688,0.1863297838783871,0.17729121,0.17389251
2019-03-31,0.1655457362561689,0.1799814731487779,0.18751197475467574,0.17809595,0.1743365
2019-04-01,0.1651555147480774,0.1754591445859447,0.1834474297571703,0.173649,0.169281
2019-04-02,0.17465855618041992,0.1747909365481265,0.18308336388651356,0.17298247,0.16830698
2019-04-03,0.1695168139561572,0.18341474308484584,0.19238671880703534,0.18105265,0.17680486
2019-04-04,0.16768047744749262,0.1777988001259548,0.1873853875852771,0.17456633,0.17144468
2019-04-05,0.1685756914954665,0.17377007691692126,0.18561459149810106,0.17027031,0.16542533
2019-04-07,0.17716056467347646,0.17237413005565952,0.1865085237185762,0.17048371,0.16013016
2019-04-08,0.17945598530930754,0.18165776885415094,0.1948987322111421,0.17963506,0.17043951
2019-04-09,0.18182026856421452,0.18485533180534577,0.1971377278178852,0.18225446,0.1751738
2019-04-10,0.17821645816595857,0.1879999425983601,0.1994402071762601,0.18483505,0.17972457
2019-04-11,0.18682428555032718,0.1859279502978173,0.19590351866193034,0.18248206,0.17939827
2019-04-12,0.18801790428095935,0.19532238059808824,0.20429160039335525,0.19215217,0.18952337
2019-04-14,0.188362217376334,0.1970412820920905,0.20543387244509467,0.19414222,0.19154775
2019-04-15,0.18381728451738777,0.19793135429157296,0.20574446036617397,0.19512254,0.19292706
2019-04-16,0.18657178928038576,0.19411653988014077,0.2012819115057711,0.19115826,0.18990944
2019-04-17,0.17243199816366298,0.1971436751113814,0.20394945509030876,0.19404295,0.19343862
2019-04-18,0.17378629633880377,0.1840134074104982,0.19012558752690475,0.18207747,0.17983717
2019-04-19,0.17452083094227033,0.18503702670534197,0.1914459315001889,0.18296628,0.18069887
2019-04-21,0.17782623665786756,0.18586035613860208,0.1921594454242443,0.18369092,0.1817307
2019-04-22,0.16986112705153228,0.18896599160631497,0.1953804059922695,0.18626153,0.18525603
2019-04-23,0.15370136577527804,0.18143272057402685,0.1875943289765285,0.1795117,0.17719214
2019-04-24,0.1495696086307815,0.16610383444774549,0.17181496184314488,0.1655376,0.16095895
2019-04-25,0.15131412831401334,0.16179528610871127,0.16779194107550055,0.16113058,0.15646334
2019-04-26,0.1528061517273042,0.1629963862756562,0.16951225634207484,0.1623559,0.157121
2019-04-28,0.1609319407781472,0.1639805285895588,0.1709882911338574,0.1632037,0.1577496
2019-04-29,0.16802479054286726,0.1711271185885566,0.17894279337248134,0.16963321,0.16480535
2019-04-30,0.164971881097211,0.1776393911589972,0.18588526885205275,0.17573714,0.17129576
2019-05-01,0.15820039022150786,0.1744001539426142,0.18291551824721516,0.17245775,0.16782719
2019-05-02,0.16458165958912,0.16764518089561076,0.17631235621775415,0.16565761,0.16096558
2019-05-03,0.16088603236543084,0.17343810728791564,0.18255873118648558,0.17078856,0.16696703
2019-05-05,0.164650522208195,0.17033570050922378,0.1789422494091792,0.1682724,0.16379245
2019-05-06,0.16201078847698797,0.17416806133457516,0.18261166250313796,0.17227188,0.16762064
2019-05-07,0.16389303339837072,0.17179289678817145,0.18002528608099072,0.17009977,0.16525364
2019-05-08,0.16864455411454152,0.17364460262218162,0.1818595985340788,0.17191888,0.16715533
2019-05-09,0.17197291403649692,0.17874614624110696,0.18648921632551665,0.17697953,0.1727697
2019-05-10,0.17261563181453027,0.18285820321688398,0.18972059894947244,0.18098901,0.177865
2019-05-12,0.17176632617927234,0.1842593622749437,0.1903261162475911,0.1821953,0.18025666
2019-05-13,0.1651555147480774,0.1837398535279157,0.18947700448862378,0.18180722,0.17993534
2019-05-14,0.16598186617697672,0.17751455432074514,0.183005664524354,0.17628415,0.17325385
2019-05-15,0.1582462986342247,0.17803055386489228,0.18380574407415376,0.17660111,0.1736848
2019-05-16,0.15438999196602732,0.17058681683906632,0.17625189534332505,0.16984694,0.16566162
2019-05-17,0.15629519109376783,0.16699167357413366,0.1724921246328471,0.16643894,0.16204396
2019-05-19,0.15691495466544253,0.1689126982512057,0.1743565780585945,0.16826372,0.1641178
2019-05-20,0.1562263284746928,0.1691523032861139,0.17497156187212043,0.16836041,0.16412494
2019-05-21,0.15413749569608634,0.1682685988811591,0.17430835296748248,0.16763839,0.16285905
2019-05-22,0.16077126133363945,0.16577337619461843,0.1722817700147101,0.16521083,0.15982753
2019-05-23,0.1654080110180193,0.1721274421206412,0.17876527178028143,0.17115222,0.16646484
2019-05-24,0.16598186617697672,0.17655371603190476,0.18329435517846274,0.17517796,0.17118883
2019-05-26,0.16290600252496273,0.1769316489764242,0.183856545468625,0.17548376,0.17145464
2019-05-27,0.15709858831630893,0.1736784283474382,0.180858017252474,0.17237607,0.1678012
2019-05-28,0.14986801331343977,0.16780836925796236,0.17519615727339877,0.16672993,0.16149902
2019-05-29,0.14823826466199935,0.1606344073076639,0.16814723284828467,0.15954384,0.15421215
2019-05-30,0.15702972569723392,0.15928779161732765,0.16656592836264883,0.15847877,0.15281868
2019-05-31,0.15836106966601654,0.16721342298235853,0.17515807726521374,0.16583064,0.16065155
2019-06-02,0.1749110524503618,0.16890898755808392,0.17644972835837955,0.1677191,0.16255814
2019-06-03,0.17672443475266864,0.18552700561935276,0.19260000832839513,0.18346697,0.18051404
2019-06-04,0.1709858831630894,0.18765383974771302,0.19435191202344304,0.18527508,0.18333453
2019-06-05,0.1817514059451395,0.18261760946399153,0.18872938979524906,0.18078224,0.1783412
2019-06-06,0.1950418914266039,0.19292409426782986,0.1992291571740645,0.18991852,0.18962461
2019-06-07,0.19173648571100624,0.2044352398881497,0.21219077902113861,0.19963703,0.20147792
2019-06-09,0.19148398944106526,0.20165728994443088,0.2089477917025706,0.19673109,0.19929299
2019-06-10,0.1941466773786296,0.20133382181603035,0.20869262815351253,0.19627355,0.19903529
2019-06-11,0.1856306668196946,0.2033701193814894,0.21128560676736255,0.19801494,0.2008098
2019-06-12,0.182669574199472,0.19621281641781108,0.20295729690968325,0.19128522,0.19439593
2019-06-13,0.16556869046252753,0.19355308126257711,0.20005430611511626,0.18868871,0.19191623
2019-06-14,0.16797888213015044,0.1780033866110967,0.18333845124945822,0.1751496,0.1755221
2019-06-16,0.16997589808332367,0.1801099504856474,0.18568711752540076,0.17684399,0.17779875
2019-06-17,0.16391598760472845,0.18178428067739194,0.18764334481881223,0.17835751,0.17935199
2019-06-18,0.17261563181453027,0.17627401105484944,0.18173448598151148,0.17401898,0.17306857
2019-06-19,0.18606679674050244,0.1839364853335429,0.19025215114146732,0.18101889,0.18053842
2019-06-20,0.20296109262022236,0.19666317086778817,0.2034024441648346,0.19217575,0.19441132
2019-06-21,0.20688626190749476,0.21069722961476187,0.2199017283645492,0.20479661,0.20739335
2019-06-23,0.21012280500401695,0.21402275817316316,0.2237310784078104,0.20758009,0.2107571
2019-06-24,0.20300700103293964,0.21673058043080365,0.2268912366079628,0.20982921,0.2134713
2019-06-25,0.2042465281762886,0.2107891966467479,0.2199399857417878,0.20462757,0.20780003
2019-06-26,0.20369562722368892,0.21183095082681205,0.22115250542881576,0.20560539,0.20873496
2019-06-27,0.20300700103293964,0.2114220502224277,0.22061697907647798,0.2052736,0.20837557
2019-06-28,0.20117066452427415,0.21079554015907012,0.21994342966414587,0.2047337,0.20770949
2019-06-30,0.1843452312636288,0.20923721826335898,0.21814704049411743,0.20328227,0.20628235
2019-07-01,0.18517158269252856,0.19518979761562694,0.2017044387329205,0.19040935,0.1934556
2019-07-02,0.18446000229542067,0.1958426225624338,0.20250957859809848,0.19096701,0.19405128
2019-07-03,0.18400091816825417,0.1950849674720657,0.20181025045487042,0.19028972,0.19315493
2019-07-04,0.16981521863881546,0.1946656550227106,0.2013548151428999,0.18970352,0.19293863
2019-07-05,0.17054975324228155,0.18139254848912836,0.1874991595970238,0.17828399,0.1783945
2019-07-07,0.16788706530471723,0.18159774361021072,0.18823399895330514,0.1790087,0.17755052
2019-07-08,0.1654080110180193,0.17873737346593402,0.18565895055126735,0.17675406,0.17379911
2019-07-09,0.17780328245150892,0.1763476180024329,0.18326599806171145,0.17449936,0.1712775
2019-07-10,0.17585217491105204,0.187435050371663,0.1954001324277408,0.18490934,0.18199567
2019-07-11,0.18044301618271505,0.18527249088759365,0.19351096722111527,0.18292347,0.17938304
2019-07-12,0.18071846665901514,0.18939685316279462,0.19801138315781744,0.18690386,0.18327531
2019-07-14,0.17812464134052583,0.1894069868857461,0.19829438881122993,0.18691236,0.18301421
2019-07-15,0.16708366808217565,0.18660438939167923,0.19577355337839922,0.1841092,0.17993042
2019-07-16,0.1706874784804316,0.1754942215748615,0.18500546433567608,0.17239085,0.16908635
2019-07-17,0.17842304602318407,0.17915718573470185,0.18853511864361974,0.17588001,0.17305642
2019-07-18,0.16882818776540792,0.1867853274480692,0.19609134511238083,0.18354562,0.18071902
2019-07-19,0.16843796625731647,0.17711401980182515,0.18672163787665913,0.17388211,0.17073831
2019-07-21,0.16538505681166066,0.17618964297275366,0.18634592541160053,0.17309682,0.16912618
2019-07-22,0.15312751061632018,0.1736068333041426,0.18336288775555978,0.17079438,0.16666323
2019-07-23,0.15108458625043056,0.16209085950460764,0.1713863363625625,0.16068268,0.15420356
2019-07-24,0.1517502582348212,0.1604856892762432,0.16938851604993632,0.15934278,0.15272577
2019-07-25,0.14713646275680042,0.1615339089471051,0.17003341586528684,0.15999252,0.1545758
2019-07-26,0.14823826466199935,0.15689823657006283,0.1655287632265764,0.1561322,0.14903374
2019-07-28,0.1511764030758633,0.15762031608321372,0.16660973529512,0.15696856,0.14928265
2019-07-29,0.15450476299781918,0.15980347203677925,0.16948544107276298,0.15895121,0.15097377
2019-07-30,0.13492482497417677,0.16251985291144255,0.17274062512817986,0.16128376,0.15353517
2019-07-31,0.13660048203833355,0.14393158089511376,0.15361719821073955,0.14561796,0.13255958
2019-08-01,0.1427751635487202,0.1463228336463256,0.15525283559855318,0.14773802,0.13597764
2019-08-02,0.14318833926316984,0.1519744141277781,0.1612850705913039,0.15250131,0.14213686
2019-08-04,0.17401583840238702,0.15101474128008238,0.16169542377711393,0.15234585,0.13900295
2019-08-05,0.16566050728796028,0.182146747971393,0.19179861266856593,0.17894192,0.17569971
2019-08-06,0.16531619419258564,0.17482757816211603,0.1836165413110322,0.17225435,0.16861184
2019-08-07,0.16123034546080595,0.17512846120357037,0.18325896943090916,0.1733215,0.16880491
2019-08-08,0.16370939974750384,0.17204603446526523,0.17924604991087906,0.1709107,0.16598135
2019-08-09,0.16609663720876858,0.17491670305884113,0.18164766893852452,0.17368428,0.16941816
2019-08-11,0.16813956157465865,0.17773520392450037,0.18396226889706685,0.17638713,0.17285621
2019-08-12,0.159003787444049,0.18045172164417045,0.1859362593167048,0.17888401,0.17653489
2019-08-13,0.15129117410765514,0.17183683910614225,0.17699210639732996,0.17118502,0.1673334
2019-08-14,0.14383105704120275,0.16447451451737186,0.16944549200887984,0.16449775,0.1594803
2019-08-15,0.1391483989441065,0.1574307759883423,0.1621527166016159,0.15798156,0.15215805
2019-08-16,0.13960748307127255,0.1536726136341711,0.157571548025316,0.15473226,0.14871404
2019-08-18,0.13719729140364964,0.1540494884847919,0.15802200907448524,0.15505646,0.14907
2019-08-19,0.14082405600826375,0.1515726379960766,0.1556732155114384,0.15218872,0.14685598
2019-08-20,0.13919430735682334,0.1549513236867441,0.15922245269627971,0.15564156,0.14998996
2019-08-21,0.13770228394353248,0.15191918715839167,0.15765339449061685,0.15148479,0.14661938
2019-08-22,0.14973028807528974,0.15062898662886046,0.15621808967593379,0.15065214,0.14501673
2019-08-23,0.15140594513944655,0.16134669615710687,0.16798251074209541,0.16092779,0.15512979
2019-08-25,0.141765178468954,0.16280543649114218,0.16962685715904965,0.16222008,0.15656938
2019-08-26,0.13901067370595646,0.15384191752354812,0.1602208161616478,0.15365049,0.14765444
2019-08-27,0.13813841386434034,0.15123646281668668,0.15754778154221546,0.15127175,0.14488986
2019-08-28,0.13203259497302874,0.15015490351714683,0.15671601887339331,0.1499846,0.1437641
2019-08-29,0.11575806266498309,0.1441487330785192,0.15076793986284645,0.14503098,0.13664728
2019-08-30,0.1163089636175828,0.12864905487306225,0.13487755926869235,0.13037671,0.120692894
2019-09-01,0.1102720073453462,0.12892354142783635,0.13542430436964495,0.13157336,0.119772956
2019-09-02,0.11220016067944444,0.12265785904649062,0.12953341370592011,0.12613948,0.11230069
2019-09-03,0.1264776770343168,0.12459631564396793,0.1314158380680732,0.12792918,0.11444393
2019-09-04,0.12631699758980813,0.13894829817872664,0.14535652602497998,0.1410749,0.13041347
2019-09-05,0.12425111901755986,0.13932060644123465,0.14519017771165105,0.14106067,0.13171098
2019-09-06,0.12312636290600232,0.13815456829262576,0.14316258435823923,0.13971539,0.13158573
2019-09-08,0.12927809021003073,0.13784639289719394,0.14205465467996994,0.1391148,0.13236973
2019-09-09,0.1300126248134973,0.1429880639918835,0.14806362420564625,0.14358243,0.13731813
2019-09-10,0.12161138528635373,0.14357872055285806,0.1487801446412097,0.14413345,0.13782257
2019-09-11,0.13138987719499584,0.13662076829461386,0.14056553955638798,0.13795136,0.1313454
2019-09-12,0.1347411913233099,0.14530320640714803,0.15010425973867894,0.14640443,0.13940093
2019-09-13,0.13758751291174154,0.14833407706131238,0.15336039978592692,0.14919768,0.14244415
2019-09-15,0.119224147825089,0.15116760449368086,0.15611902823323984,0.15177684,0.14560695
2019-09-16,0.13540686330770144,0.13595466979671703,0.1381663581230994,0.13839588,0.13130178
2019-09-17,0.12519224147825103,0.15023108721517892,0.15395916702578577,0.1512458,0.14548829
2019-09-18,0.12875014346378968,0.14171222655919877,0.14396102157079238,0.14336519,0.13781047
2019-09-19,0.12239182830253667,0.1447595653894368,0.14742341576898785,0.14608987,0.14076541
2019-09-20,0.12275909560426948,0.13883645372406458,0.1412072192673628,0.140226,0.13507614
2019-09-22,0.11711236084012347,0.13913977724912965,0.1415646100820066,0.14049345,0.13536127
2019-09-23,0.12161138528635373,0.13441006464920816,0.13604827592260774,0.13632277,0.13085915
2019-09-24,0.10728796051876496,0.1382309675383426,0.1404424250626138,0.13975224,0.13449824
2019-09-25,0.10065419488121187,0.12562327016962913,0.12645649700085357,0.12801579,0.12239753
2019-09-26,0.1039825548031682,0.11970057674448,0.11998896563650092,0.12200231,0.11711045
2019-09-27,0.1052450361528749,0.123029111722256,0.1232520607088365,0.12589797,0.1199373
2019-09-29,0.09539768162515731,0.12337633151222183,0.124502887678412,0.12572339,0.119902715
2019-09-30,0.1033398370251344,0.1144859495063799,0.11490219154959243,0.115874484,0.11268117
2019-10-01,0.10944565591644645,0.12089137247962195,0.12268178200013753,0.12230882,0.117683515
2019-10-02,0.11263629060025229,0.12739805670311344,0.12865070377976573,0.13001929,0.123524174
2019-10-03,0.1130035579019851,0.1291994771370716,0.13177692771238902,0.1310832,0.1247383
2019-10-04,0.11465626075978419,0.13002993886448658,0.13213895931177486,0.13226902,0.12568183
2019-10-06,0.11197061861586166,0.13125097606801597,0.13375655872296122,0.1333172,0.12667917
2019-10-07,0.10926202226558049,0.12930047774033168,0.13112839352239422,0.13166913,0.1251039
2019-10-08,0.11488580282336788,0.12693241307692268,0.12847989259828738,0.12932618,0.12299117
2019-10-09,0.12094571330196219,0.13206016590712968,0.13396483869905784,0.13446435,0.1277513
2019-10-10,0.1260645013198667,0.13698602976992158,0.13987430222613892,0.1390076,0.13207619
2019-10-11,0.12498565362102643,0.14197445080485024,0.14485571282524107,0.14406425,0.13700339
2019-10-13,0.12445770687478447,0.1415550721342319,0.14377855141608528,0.14371505,0.13717161
2019-10-14,0.12640881441524135,0.14125834851108401,0.1432418807936433,0.14305812,0.13747504
2019-10-15,0.13542981751405916,0.14284237781824635,0.14512740253394746,0.14444754,0.1389522
2019-10-16,0.14706760013772494,0.15131591419964002,0.15391640843716164,0.152857,0.14717433
2019-10-17,0.1576035808561918,0.16203513902564629,0.16526706999956914,0.1618853,0.15895304
2019-10-18,0.15427522093423637,0.17155907395602066,0.17554404864075185,0.16932133,0.16981184
2019-10-20,0.15328819006082886,0.16801048737739785,0.17227713531182004,0.16637719,0.16537714
2019-10-21,0.14810053942384932,0.16668263855939744,0.17130036006467458,0.16521369,0.16353387
2019-10-22,0.14885802823367406,0.16156235114360692,0.16622322129085193,0.16084674,0.15761709
2019-10-23,0.14224721680247868,0.1621952736966346,0.1669583572723074,0.16137202,0.15825544
2019-10-24,0.1366463904510504,0.1559859423705909,0.16049494113593502,0.1561035,0.15135938
2019-10-25,0.1377711465626075,0.15098403743773478,0.15502830898373654,0.15159553,0.14632827
2019-10-27,0.14105359807184656,0.15219942076319642,0.1561381174121555,0.15254386,0.14791629
2019-10-28,0.1442212785492942,0.15529799677700618,0.1593537693551427,0.15529296,0.15124726
2019-10-29,0.15342591529897842,0.1584914806902871,0.16245480877770943,0.1581139,0.15490574
2019-10-30,0.15434408355331095,0.16691486685251533,0.17144807126448564,0.16545334,0.16384318
2019-10-31,0.15618042006197644,0.1676871187921849,0.1723449252356551,0.16611636,0.16460007
2019-11-01,0.1566395041891429,0.16916774316100222,0.17414084385239906,0.16739167,0.16597071
2019-11-03,0.14787099736026607,0.169277833254839,0.17459005520255863,0.1674939,0.16574955
2019-11-04,0.1354527717204178,0.1610737361629951,0.16603522542719487,0.16030182,0.15688416
2019-11-05,0.13458051187880168,0.1492905616720082,0.1539269089578275,0.1492533,0.14469148
2019-11-06,0.1305176173533797,0.1486773011529579,0.1531007788908882,0.14876853,0.1441626
2019-11-07,0.12255250774704488,0.14532988638518027,0.14915228995197333,0.14564446,0.14119291
2019-11-08,0.12351658441409377,0.13798278783752657,0.14139378711563755,0.13952824,0.13302633
2019-11-10,0.1264776770343168,0.13889904095404418,0.14235658269146304,0.14055797,0.13378257
2019-11-11,0.12126707219097863,0.14154837883954674,0.14526293746964425,0.14297237,0.13640983
2019-11-12,0.12071617123837941,0.13682649250619736,0.14018478142598642,0.13855463,0.13174006
2019-11-13,0.12303454608056955,0.1361536281649954,0.13966157953282798,0.1378957,0.1309036
2019-11-14,0.12985194536898906,0.13795364158212162,0.1419419275778239,0.13939676,0.13252224
2019-11-15,0.13088488465511253,0.1433868753588665,0.1486198597182239,0.14400078,0.13753998
2019-11-17,0.135085504418685,0.14341973709182262,0.1496451332305765,0.14435925,0.13625483
2019-11-18,0.13639389418110898,0.14617417036344715,0.15376318332106198,0.14726393,0.1374954
2019-11-19,0.13639389418110898,0.14616819941025114,0.15505435237351461,0.14795408,0.13549617
2019-11-20,0.13357052679903594,0.14663230424263307,0.155053050671167,0.1483697,0.13647416
2019-11-21,0.12262137036611945,0.1458553586293152,0.1522756856348786,0.14718258,0.1381078
2019-11-22,0.123677263858602,0.1369372876479582,0.14156939744781136,0.13862899,0.13061348
2019-11-24,0.12089980488924582,0.1383786363393589,0.14259554832891352,0.13981126,0.1327291
2019-11-25,0.12356249282681062,0.1365680947090024,0.1398761284902198,0.1381285,0.13169965
2019-11-26,0.11961436933318001,0.13887764703702554,0.1424693820319064,0.14043067,0.13373289
2019-11-27,0.12110639274647042,0.13552125054908018,0.13860989386773764,0.13720018,0.13075368
2019-11-28,0.12195569838172837,0.13694065445399106,0.14006369214462697,0.13874173,0.13201654
2019-11-29,0.12269023298519446,0.13770901240291686,0.1408869498188046,0.13964187,0.13259822
2019-12-01,0.13598071846665885,0.1382973578904132,0.1415995619696557,0.14021982,0.13307269
2019-12-02,0.13728910822908283,0.1495728373251718,0.1545708119041805,0.15048695,0.14366075
2019-12-03,0.1374956960863079,0.1508529286638352,0.1558327678011217,0.1515243,0.14520171
2019-12-04,0.1423390336279119,0.15111657228227957,0.15602449316252773,0.15169817,0.14562705
2019-12-05,0.1309767014805462,0.15574720317433044,0.16074367804258358,0.15619504,0.15030289
2019-12-06,0.1318719155285205,0.14568118980652148,0.14964163992184565,0.1467207,0.14068122
2019-12-08,0.1332721221163777,0.14644752269449743,0.1505211688716087,0.14751095,0.14131045
2019-12-09,0.13969929989670574,0.14805549896402329,0.1518796389294615,0.14909936,0.1431875
2019-12-10,0.14892689085274907,0.15418870310268004,0.15814402879122488,0.1549471,0.14947498
2019-12-11,0.16058762768277257,0.16316162715122737,0.16713870077626813,0.16359293,0.15875325
2019-12-12,0.14546080569264316,0.17409732491168528,0.1785138711450442,0.17297673,0.17080137
2019-12-13,0.14702169172500856,0.15982794512439877,0.1637169345953795,0.16034052,0.15542638
2019-12-15,0.14961551704349835,0.16132561294478426,0.16522788787610082,0.16131118,0.15743777
2019-12-16,0.15326523585447022,0.16385984589700064,0.16775043815505988,0.16321777,0.16061133
2019-12-17,0.14500172156547667,0.16722358313482943,0.17130315444713656,0.16577229,0.1645953
2019-12-18,0.14676919545506759,0.1589172717647713,0.1632374187460427,0.15876238,0.15475202
2019-12-19,0.13616435211752573,0.16053047404078039,0.16497551278434372,0.16040957,0.15620634
2019-12-20,0.13692184092735002,0.15070796013077273,0.15462870896459147,0.15157227,0.1459229
2019-12-22,0.13956157465855615,0.15134289006639715,0.1553891938999056,0.15212367,0.1465158
2019-12-23,0.13855158957879044,0.15414002769282173,0.15797889927299952,0.15521878,0.1492224
2019-12-24,0.1401813382302304,0.1531602730723662,0.15700255047453723,0.15408245,0.14839582
2019-12-25,0.14174222426259628,0.1545403975631452,0.15860722314883954,0.15517876,0.14983521
2019-12-26,0.15783312291977505,0.15541255254328182,0.1601496272915581,0.15590099,0.15018705
2019-12-27,0.1601285435556061,0.17019868385415649,0.1758772877341919,0.1695176,0.16520116
2019-12-29,0.1647193848272691,0.17209679049854634,0.17811860628739476,0.17112228,0.16704948
2019-12-30,0.1707792953058648,0.17722347038119934,0.18259859553366606,0.17590664,0.17316517
